National No	Name	Type	Approximation of Sound	IPA	Japanese Name
#0001	Bulbasaur	Grass, Poison	BULL-buh-sohr	/ˈbʊlbəsɔːɹ/	フシギダネ
#0002	Ivysaur	Grass, Poison	EYE-vee-sohr	/ˈaɪviːsɔːɹ/	フシギソウ
#0003	Venusaur	Grass, Poison	VEE-nuh-sohr	/ˈviːnəsɔːɹ/	フシギバナ
#0004	Charmander	Fire	CHAR-man-der	/ˈtʃɑːɹmændɚ/	ヒトカゲ
#0005	Charmeleon	Fire	char-MEEL-yuhn	/tʃɑːɹˈmiːljən/	リザード
#0006	Charizard	Fire, Flying	CHAR-ih-zard	/ˈtʃɑːɹɪzɑːɹd/	リザードン
#0007	Squirtle	Water	SKWUR-tull	/ˈskwɝːɾəl/	ゼニガメ
#0008	Wartortle	Water	WOR-tor-tull	/ˈwɔːɹtɔːɹɾəl/	カメール
#0009	Blastoise	Water	BLAST-ois	/ˈblæstɔɪs/	カメックス
#0010	Caterpie	Bug	KAT-ur-pee	/ˈkæɾɚpiː/	キャタピー
#0011	Metapod	Bug	MET-uh-pahd	/ˈmɛɾəpɑːd/	トランセル
#0012	Butterfree	Bug, Flying	BUT-ur-free	/ˈbʌɾɚfɹiː/	バタフリー
#0013	Weedle	Bug, Poison	WEE-dull	/ˈwiːdəl/	ビードル
#0014	Kakuna	Bug, Poison	kuh-KOO-nuh	/kəˈkuːnə/	コクーン
#0015	Beedrill	Bug, Poison	BEE-drill	/ˈbiːdɹɪl/	スピアー
#0016	Pidgey	Normal, Flying	PID-jee	/ˈpɪdʒiː/	ポッポ
#0017	Pidgeotto	Normal, Flying	PID-jee-OH-toh	/ˌpɪdʒiːˈoʊɾoʊ/	ピジョン
#0018	Pidgeot	Normal, Flying	PID-jee-aht	/ˈpɪdʒiːɑːt/	ピジョット
#0019	Rattata	Normal	ruh-TA-tuh	/ɹəˈtæɾə/	コラッタ
#0020	Raticate	Normal	RAT-ih-kate	/ˈɹæɾɪkeɪt/	ラッタ
#0021	Spearow	Normal, Flying	SPEER-oh	/ˈspɪɹoʊ/	オニスズメ
#0022	Fearow	Normal, Flying	FEER-oh	/ˈfɪɹoʊ/	オニドリル
#0023	Ekans	Poison	ECK-ins	/ˈɛkənz/	アーボ
#0024	Arbok	Poison	AR-bahk	/ˈɑːɹbɑːk/	アーボック
#0025	Pikachu	Electric	PEE-ka-choo	/ˈpiːkətʃuː/	ピカチュウ
#0026	Raichu	Electric	RYE-choo	/ˈɹaɪtʃuː/	ライチュウ
#0027	Sandshrew	Ground	SAND-shroo	/ˈsændʃɹuː/	サンド
#0028	Sandslash	Ground	SAND-slash	/ˈsændslæʃ/	サンドパン
#0029	Nidoran♀	Poison	NEE-doh-ran (female)	/ˈniːdoʊɹæn (ˈfiːmeɪl)/	ニドラン♀
#0030	Nidorina	Poison	NEE-doh-REE-nuh	/ˌniːdoʊˈɹiːnə/	ニドリーナ
#0031	Nidoqueen	Poison, Ground	NEE-doh-kween	/ˈniːdoʊkwiːn/	ニドクイン
#0032	Nidoran♂	Poison	NEE-doh-ran (male)	/ˈniːdoʊɹæn (ˈmeɪl)/	ニドラン♂
#0033	Nidorino	Poison	NEE-doh-REE-no	/ˌniːdoʊˈɹiːnoʊ/	ニドリーノ
#0034	Nidoking	Poison, Ground	NEE-doh-king	/ˈniːdoʊkɪŋ/	ニドキング
#0035	Clefairy	Fairy	cleh-FAIR-ee	/klɛˈfɛɹiː/	ピッピ
#0036	Clefable	Fairy	cleh-FAY-bull	/klɛˈfeɪbəl/	ピクシー
#0037	Vulpix	Fire	VULL-piks	/ˈvʊlpɪks/	ロコン
#0038	Ninetales	Fire	NINE-tales	/ˈnaɪnteɪlz/	キュウコン
#0039	Jigglypuff	Normal, Fairy	JIG-lee-puff	/ˈdʒɪɡliːpʌf/	プリン
#0040	Wigglytuff	Normal, Fairy	WIG-lee-tuff	/ˈwɪɡliːtʌf/	プクリン
#0041	Zubat	Poison, Flying	ZOO-bat	/ˈzuːbæt/	ズバット
#0042	Golbat	Poison, Flying	GOHL-bat	/ˈɡɔːlbæt/	ゴルバット
#0043	Oddish	Grass, Poison	ODD-ish	/ˈɑːdɪʃ/	ナゾノクサ
#0044	Gloom	Grass, Poison	GLOOM	/ˈɡluːm/	クサイハナ
#0045	Vileplume	Grass, Poison	VILE-ploom	/ˈvaɪlpluːm/	ラフレシア
#0046	Paras	Bug, Grass	PEHR-iss	/ˈpɛɹəs/	パラス
#0047	Parasect	Bug, Grass	PEHR-uh-sekt	/ˈpɛɹəsɛkt/	パラセクト
#0048	Venonat	Bug, Poison	VENN-oh-nat	/ˈvɛnoʊnæt/	コンパン
#0049	Venomoth	Bug, Poison	VENN-oh-moth	/ˈvɛnoʊmɑːθ/	モルフォン
#0050	Diglett	Ground	DIG-lit	/ˈdɪɡlət/	ディグダ
#0051	Dugtrio	Ground	dug-TREE-oh	/dʌɡˈtɹiːoʊ/	ダグトリオ
#0052	Meowth	Normal	mee-OWTH	/miːˈaʊθ/	ニャース
#0053	Persian	Normal	PURR-zhin	/ˈpɝːʒən/	ペルシアン
#0054	Psyduck	Water	SYE-duck	/ˈsaɪdʌk/	コダック
#0055	Golduck	Water	GOHL-duck	/ˈɡɔːldʌk/	ゴルダック
#0056	Mankey	Fighting	MANK-ee	/ˈmæŋkiː/	マンキー
#0057	Primeape	Fighting	PRIME-ape	/ˈpɹaɪmeɪp/	オコリザル
#0058	Growlithe	Fire	GROWL-ith	/ˈɡɹaʊlɪθ/	ガーディ
#0059	Arcanine	Fire	AR-kuh-nine	/ˈɑːɹkənɑɪn/	ウインディ
#0060	Poliwag	Water	PAHL-ee-wag	/ˈpɑːliːwæɡ/	ニョロモ
#0061	Poliwhirl	Water	PAHL-ee-wurl	/ˈpɑːliːwɝːl/	ニョロゾ
#0062	Poliwrath	Water, Fighting	PAHL-ee-rath	/ˈpɑːliːɹæθ/	ニョロボン
#0063	Abra	Psychic	AB-ruh	/ˈæbɹə/	ケーシィ
#0064	Kadabra	Psychic	kuh-DAB-ruh	/kəˈdæbɹə/	ユンゲラー
#0065	Alakazam	Psychic	AL-uh-kuh-ZAM	/ˌæləkəˈzæm/	フーディン
#0066	Machop	Fighting	muh-CHOP	/məˈtʃɑːp/	ワンリキー
#0067	Machoke	Fighting	muh-CHOKE	/məˈtʃoʊk/	ゴーリキー
#0068	Machamp	Fighting	muh-CHAMP	/məˈtʃæmp/	カイリキー
#0069	Bellsprout	Grass, Poison	BELL-sprout	/ˈbɛlspɹaʊt/	マダツボミ
#0070	Weepinbell	Grass, Poison	WEEP-in-bell	/ˈwiːpɪnbɛl/	ウツドン
#0071	Victreebel	Grass, Poison	VICK-tree-bell	/ˈvɪktriːbɛl/	ウツボット
#0072	Tentacool	Water, Poison	TEN-tuh-kool	/ˈtɛntəkuːl/	メノクラゲ
#0073	Tentacruel	Water, Poison	TEN-tuh-krool	/ˈtɛntəkɹuːl/	ドククラゲ
#0074	Geodude	Rock, Ground	JEE-oh-dood	/ˈdʒiːoʊduːd/	イシツブテ
#0075	Graveler	Rock, Ground	GRAV-uh-lurr	/ˈɡɹævəlɚ/	ゴローン
#0076	Golem	Rock, Ground	GOHL-um	/ˈɡɔːləm/	ゴローニャ
#0077	Ponyta	Fire	POH-nee-tah	/ˈpoʊniːtɑː/	ポニータ
#0078	Rapidash	Fire	RAP-ih-dash	/ˈɹæpɪdæʃ/	ギャロップ
#0079	Slowpoke	Water, Psychic	SLOH-poke	/ˈsloʊpoʊk/	ヤドン
#0080	Slowbro	Water, Psychic	SLOH-bro	/ˈsloʊbɹoʊ/	ヤドラン
#0081	Magnemite	Electric, Steel	MAG-nuh-mite	/ˈmæɡnəmaɪt/	コイル
#0082	Magneton	Electric, Steel	MAG-nuh-tahn	/ˈmæɡnətɑːn/	レアコイル
#0083	Farfetch'd	Normal, Flying	FAR-fetcht	/ˈfɑːɹfɛtʃt/	カモネギ
#0084	Doduo	Normal, Flying	doh-DOO-oh	/doʊˈduːoʊ/	ドードー
#0085	Dodrio	Normal, Flying	doh-DREE-oh	/doʊˈdɹiːoʊ/	ドードリオ
#0086	Seel	Water	SEEL	/ˈsiːl/	パウワウ
#0087	Dewgong	Water, Ice	DOO-gahng	/ˈduːɡɑːŋ/	ジュゴン
#0088	Grimer	Poison	GRIME-er	/ˈɡɹaɪmɚ/	ベトベター
#0089	Muk	Poison	MUK	/ˈmʌk/	ベトベトン
#0090	Shellder	Water	SHELL-dur	/ˈʃɛldɚ/	シェルダー
#0091	Cloyster	Water, Ice	CLOY-stur	/ˈklɔɪstɚ/	パルシェン
#0092	Gastly	Ghost, Poison	GAS-lee	/ˈɡæsliː/	ゴース
#0093	Haunter	Ghost, Poison	HAHN-tur	/ˈhɑːntɚ/	ゴースト
#0094	Gengar	Ghost, Poison	GENG-gar	/ˈɡɛŋɡɑːɹ/	ゲンガー
#0095	Onix	Rock, Ground	AHN-iks	/ˈɑːnɪks/	イワーク
#0096	Drowzee	Psychic	DROW-zee	/ˈdɹaʊziː/	スリープ
#0097	Hypno	Psychic	HIP-noh	/ˈhɪpnoʊ/	スリーパー
#0098	Krabby	Water	KRA-bee	/ˈkɹæbiː/	クラブ
#0099	Kingler	Water	KING-ler	/ˈkɪŋlɚ/	キングラー
#0100	Voltorb	Electric	VOHL-torb	/ˈvɔːltɔːɹb/	ビリリダマ
#0101	Electrode	Electric	ee-LECK-trode	/ɪˈlɛktɹoʊd/	マルマイン
#0102	Exeggcute	Grass, Psychic	EGZ-egg-cute	/ˈɛɡzəɡkjuːt/	タマタマ
#0103	Exeggutor	Grass, Psychic	egz-EGG-yoo-tohr	/ɛɡzˈɛɡjuːtɔːɹ/	ナッシー
#0104	Cubone	Ground	KYOO-bohn	/ˈkjuːboʊn/	カラカラ
#0105	Marowak	Ground	MARE-oh-wak	/ˈmɛɹoʊwæk/	ガラガラ
#0106	Hitmonlee	Fighting	HIT-mahn-lee	/ˈhɪtmɑːnliː/	サワムラー
#0107	Hitmonchan	Fighting	HIT-mahn-chan	/ˈhɪtmɑːntʃæn/	エビワラー
#0108	Lickitung	Normal	LICK-ih-tung	/ˈlɪkɪtʌŋ/	ベロリンガ
#0109	Koffing	Poison	KAHF-ing	/ˈkɑːfɪŋ/	ドガース
#0110	Weezing	Poison	WEEZ-ing	/ˈwiːzɪŋ/	マタドガス
#0111	Rhyhorn	Ground, Rock	RYE-horn	/ˈɹaɪhɔːɹn/	サイホーン
#0112	Rhydon	Ground, Rock	RYE-dahn	/ˈɹaɪdɑːn/	サイドン
#0113	Chansey	Normal	CHAN-see	/ˈtʃænsiː/	ラッキー
#0114	Tangela	Grass	TANG-guh-luh	/ˈtæŋɡələ/	モンジャラ
#0115	Kangaskhan	Normal	KANG-gus-kahn	/ˈkæŋɡəskɑːn/	ガルーラ
#0116	Horsea	Water	HOR-see	/ˈhɔːɹsiː/	タッツー
#0117	Seadra	Water	SEE-druh	/ˈsiːdɹə/	シードラ
#0118	Goldeen	Water	gol-DEEN	/ɡɔːlˈdiːn/	トサキント
#0119	Seaking	Water	SEE-king	/ˈsiːkɪŋ/	アズマオウ
#0120	Staryu	Water	STAR-yoo	/ˈstɑːɹjuː/	ヒトデマン
#0121	Starmie	Water, Psychic	STAR-mee	/ˈstɑːɹmiː/	スターミー
#0122	Mr. Mime	Psychic, Fairy	MISS-tur-MIME	/ˌmɪstɚˈmaɪm/	バリヤード
#0123	Scyther	Bug, Flying	SYE-ther	/ˈsaɪθɚ/	ストライク
#0124	Jynx	Ice, Psychic	JINKS	/ˈdʒɪŋks/	ルージュラ
#0125	Electabuzz	Electric	ee-LECK-tuh-buzz	/əˈlɛktəbʌz/	エレブー
#0126	Magmar	Fire	MAG-mar	/ˈmæɡmɑːɹ/	ブーバー
#0127	Pinsir	Bug	PIN-sur	/ˈpɪnsɚ/	カイロス
#0128	Tauros	Normal	TOHR-ohs	/ˈtɔːɹoʊs/	ケンタロス
#0129	Magikarp	Water	MAJ-ih-karp	/ˈmædʒɪkɑːɹp/	コイキング
#0130	Gyarados	Water, Flying	GARE-uh-dos	/ˈɡɛɹədoʊs/	ギャラドス
#0131	Lapras	Water, Ice	LAP-ris	/ˈlæpɹəs/	ラプラス
#0132	Ditto	Normal	DIH-toh	/ˈdɪtoʊ/	メタモン
#0133	Eevee	Normal	EE-vee	/ˈiːviː/	イーブイ
#0134	Vaporeon	Water	vay-POHR-ee-ahn	/veɪˈpɔːɹiːɑːn/	シャワーズ
#0135	Jolteon	Electric	JOHL-tee-ahn	/ˈdʒɔːltiːɑːn/	サンダース
#0136	Flareon	Fire	FLARE-ee-ahn	/ˈflɛɹiːɑːn/	ブースター
#0137	Porygon	Normal	POHR-ee-gahn	/ˈpɔːɹiːɡɑːn/	ポリゴン
#0138	Omanyte	Rock, Water	AHM-uh-nite	/ˈɑːmənɑɪt/	オムナイト
#0139	Omastar	Rock, Water	AHM-uh-star	/ˈɑːməstɑːɹ/	オムスター
#0140	Kabuto	Rock, Water	kuh-BOO-toh	/kəˈbuːtoʊ/	カブト
#0141	Kabutops	Rock, Water	KAH-boo-tahps	/ˈkɑːbuːtɑːps/	カブトプス
#0142	Aerodactyl	Rock, Flying	AIR-uh-DAK-tull	/ɛɹəˈdæktəl/	プテラ
#0143	Snorlax	Normal	SNORE-lax	/ˈsnɔːɹlæks/	カビゴン
#0144	Articuno	Ice, Flying	AR-ti-KOO-noh	/ˌɑːɹɾɪˈkuːnoʊ/	フリーザー
#0145	Zapdos	Electric, Flying	ZAP-dohs	/ˈzæpdoʊs/	サンダー
#0146	Moltres	Fire, Flying	MOHL-trace	/ˈmɔːltɹeɪs/	ファイヤー
#0147	Dratini	Dragon	druh-TEE-nee	/dɹəˈtiːniː/	ミニリュウ
#0148	Dragonair	Dragon	DRAG-uh-nair	/ˈdɹæɡənɛɹ/	ハクリュー
#0149	Dragonite	Dragon, Flying	DRAG-uh-nite	/ˈdɹæɡənaɪt/	カイリュー
#0150	Mewtwo	Psychic	MYOO-too	/ˈmjuːtuː/	ミュウツー
#0151	Mew	Psychic	MYOO	/ˈmjuː/	ミュウ
#0152	Chikorita	Grass	CHIK-or-EE-tuh	/ˌtʃɪkɔːɹˈiːɾə/	チコリータ
#0153	Bayleef	Grass	BAY-leef	/ˈbeɪliːf/	ベイリーフ
#0154	Meganium	Grass	muh-GAY-nee-uhm	/məˈɡeɪniːəm/	メガニウム
#0155	Cyndaquil	Fire	SIN-duh-kwil	/ˈsɪndəkwɪl/	ヒノアラシ
#0156	Quilava	Fire	kwi-LAH-vuh	/kwɪˈlɑːvə/	マグマラシ
#0157	Typhlosion	Fire	tye-FLOH-zhun	/taɪˈfloʊʒən/	バクフーン
#0158	Totodile	Water	TOH-tuh-dile	/ˈtoʊɾədaɪl/	ワニノコ
#0159	Croconaw	Water	KROK-uh-naw	/ˈkɹɑːkənɑː/	アリゲイツ
#0160	Feraligatr	Water	fur-AL-ih-gay-tur	/fɚˈæləɡeɪɾɚ/	オーダイル
#0161	Sentret	Normal	SEN-trit	/ˈsɛntɹət/	オタチ
#0162	Furret	Normal	FUR-it	/ˈfɝːət/	オオタチ
#0163	Hoothoot	Normal, Flying	HOOT-hoot	/ˈhuːtˌhuːt/	ホーホー
#0164	Noctowl	Normal, Flying	NAHK-towl	/ˈnɑːktaʊl/	ヨルノズク
#0165	Ledyba	Bug, Flying	LED-ee-buh	/ˈlɛdiːbə/	レディバ
#0166	Ledian	Bug, Flying	LED-ee-ahn	/ˈlɛdiːɑːn/	レディアン
#0167	Spinarak	Bug, Poison	SPIN-uh-rak	/ˈspɪnəɹæk/	イトマル
#0168	Ariados	Bug, Poison	EHR-ee-uh-dos	/ˈɛɹiːədoʊs/	アリアドス
#0169	Crobat	Poison, Flying	KROH-bat	/ˈkɹoʊbæt/	クロバット
#0170	Chinchou	Water, Electric	CHIN-chow	/ˈtʃɪntʃaʊ/	チョンチー
#0171	Lanturn	Water, Electric	LAN-turn	/ˈlæntɚn/	ランターン
#0172	Pichu	Electric	PEE-choo	/ˈpiːtʃu/	ピチュー
#0173	Cleffa	Fairy	CLEH-fuh	/ˈklɛfə/	ピィ
#0174	Igglybuff	Normal, Fairy	IGG-lee-buff	/ˈɪɡliːbʌf/	ププリン
#0175	Togepi	Fairy	TOH-guh-pee	/ˈtoʊgəpiː/	トゲピー
#0176	Togetic	Fairy, Flying	TOH-guh-tik	/ˈtoʊɡətɪk/	トゲチック
#0177	Natu	Psychic, Flying	NAH-too	/ˈnɑːtuː/	ネイティ
#0178	Xatu	Psychic, Flying	ZAH-too	/ˈzɑːtuː/	ネイティオ
#0179	Mareep	Electric	muh-REEP	/məˈɹiːp/	メリープ
#0180	Flaaffy	Electric	FLA-fee	/ˈflæfiː/	モココ
#0181	Ampharos	Electric	AM-fuh-rahs	/ˈæmfəɹɑːs/	デンリュウ
#0182	Bellossom	Grass	bell-AH-sum	/bɛlˈɑːsəm/	キレイハナ
#0183	Marill	Water, Fairy	MEHR-ull	/ˈmɛɹəl/	マリル
#0184	Azumarill	Water, Fairy	uh-ZOO-muh-rill	/əˈzuːməɹɪl/	マリルリ
#0185	Sudowoodo	Rock	SOO-doh-WOO-doh	/ˌsuːdoʊˈwuːdoʊ/	ウソッキー
#0186	Politoed	Water	PAHL-ee-tohd	/ˈpɑːliːtoʊd/	ニョロトノ
#0187	Hoppip	Grass, Flying	HOP-ip	/ˈhɑːpɪp/	ハネッコ
#0188	Skiploom	Grass, Flying	SKIP-loom	/ˈskɪpluːm/	ポポッコ
#0189	Jumpluff	Grass, Flying	JUMP-luff	/ˈdʒʌmplʌf/	ワタッコ
#0190	Aipom	Normal	AY-pahm	/ˈeɪpɑːm/	エイパム
#0191	Sunkern	Grass	SUN-kurn	/ˈsʌŋkɚn/	ヒマナッツ
#0192	Sunflora	Grass	sun-FLOHR-uh	/ˌsʌnˈflɔːɹə/	キマワリ
#0193	Yanma	Bug, Flying	YAN-muh	/ˈjænmə/	ヤンヤンマ
#0194	Wooper	Water, Ground	WOO-pur	/ˈwuːpɚ/	ウパー
#0195	Quagsire	Water, Ground	KWAG-sire	/ˈkwæɡsaɪɚ/	ヌオー
#0196	Espeon	Psychic	ES-pee-ahn	/ˈɛspiːɑːn/	エーフィ
#0197	Umbreon	Dark	UM-bree-ahn	/ˈʌmbɹiːɑːn/	ブラッキー
#0198	Murkrow	Dark, Flying	MURR-kroh	/ˈmɝːkɹoʊ/	ヤミカラス
#0199	Slowking	Water, Psychic	SLOH-king	/ˈsloʊkɪŋ/	ヤドキング
#0200	Misdreavus	Ghost	miss-DREE-vis	/mɪsˈdɹiːvəs/	ムウマ
#0201	Unown	Psychic	uh-NOHN	/ʌˈnoʊn/	アンノーン
#0202	Wobbuffet	Psychic	WOBB-uh-fet	/ˈwɑːbəfɛt/	ソーナンス
#0203	Girafarig	Normal, Psychic	jer-AF-uh-rig	/dʒɚːˈæfəɹɪɡ/	キリンリキ
#0204	Pineco	Bug	PINE-koh	/ˈpaɪnkoʊ/	クヌギダマ
#0205	Forretress	Bug, Steel	FOHR-ih-triss	/ˈfɔːɹətɹəs/	フォレトス
#0206	Dunsparce	Normal	DUN-sparce	/ˈdʌnspɑːɹs/	ノコッチ
#0207	Gligar	Ground, Flying	GLYE-gar	/ˈɡlaɪɡɑːɹ/	グライガー
#0208	Steelix	Steel, Ground	STEEL-iks	/ˈstiːlɪks/	ハガネール
#0209	Snubbull	Fairy	SNUH-bull	/ˈsnʌbʊl/	ブルー
#0210	Granbull	Fairy	GRAN-bull	/ˈɡɹænbʊl/	グランブル
#0211	Qwilfish	Water, Poison	KWIL-fish	/ˈkwɪlfɪʃ/	ハリーセン
#0212	Scizor	Bug, Steel	SIZ-or	/ˈsɪzɔːɹ/	ハッサム
#0213	Shuckle	Bug, Rock	SHUCK-uhl	/ˈʃʌkəl/	ツボツボ
#0214	Heracross	Bug, Fighting	HEHR-uh-cross	/ˈhɛɹəkɹɑːs/	ヘラクロス
#0215	Sneasel	Dark, Ice	SNEE-zull	/ˈsniːzəl/	ニューラ
#0216	Teddiursa	Normal	ted-ee-UR-suh	/tɛdiːˈɝːsə/	ヒメグマ
#0217	Ursaring	Normal	UR-suh-ring	/ˈɝːsəɹɪŋ/	リングマ
#0218	Slugma	Fire	SLUG-muh	/ˈslʌgmə/	マグマッグ
#0219	Magcargo	Fire, Rock	mag-KAR-goh	/mæɡˈkɑːɹɡoʊ/	マグカルゴ
#0220	Swinub	Ice, Ground	SWYE-nub	/ˈswaɪnʌb/	ウリムー
#0221	Piloswine	Ice, Ground	PYE-loh-swine	/ˈpaɪloʊˌswaɪn/	イノムー
#0222	Corsola	Water, Rock	KOR-suh-luh	/ˈkɔːɹsələ/	サニーゴ
#0223	Remoraid	Water	REM-or-aid	/ˈɹɛməɹeɪd/	テッポウオ
#0224	Octillery	Water	ahk-TILL-er-ee	/ɑːkˈtɪlɚiː/	オクタン
#0225	Delibird	Ice, Flying	DELL-ee-bird	/ˈdɛliːbɚd/	デリバード
#0226	Mantine	Water, Flying	MAN-teen	/ˈmæntiːn/	マンタイン
#0227	Skarmory	Steel, Flying	SKAR-muh-ree	/ˈskɑːɹmɚiː/	エアームド
#0228	Houndour	Dark, Fire	HOUN-dow-er	/ˈhaʊndaʊɚ/	デルビル
#0229	Houndoom	Dark, Fire	HOUN-doom	/ˈhaʊnduːm/	ヘルガー
#0230	Kingdra	Water, Dragon	KING-druh	/ˈkɪŋdɹə/	キングドラ
#0231	Phanpy	Ground	FAN-pee	/ˈfænpiː/	ゴマゾウ
#0232	Donphan	Ground	DON-fan	/ˈdɑːnfæn/	ドンファン
#0233	Porygon2	Normal	POR-ee-gahn-TOO	/ˌpɔːɹiːɡɑːnˈtuː/	ポリゴン２
#0234	Stantler	Normal	STANT-ler	/ˈstæntlɚ/	オドシシ
#0235	Smeargle	Normal	SMEER-gull	/ˈsmɪɹɡəl/	ドーブル
#0236	Tyrogue	Fighting	TYE-rohg	/ˈtaɪɹoʊɡ/	バルキー
#0237	Hitmontop	Fighting	HIT-mahn-tahp	/ˈhɪtmɑːntɑːp/	カポエラー
#0238	Smoochum	Ice, Psychic	SMOO-chum	/ˈsmuːtʃəm/	ムチュール
#0239	Elekid	Electric	EL-uh-kid	/ˈɛləkɪd/	エレキッド
#0240	Magby	Fire	MAG-bee	/ˈmægbiː/	ブビィ
#0241	Miltank	Normal	MILL-tank	/ˈmɪltæŋk/	ミルタンク
#0242	Blissey	Normal	BLISS-ee	/ˈblɪsiː/	ハピナス
#0243	Raikou	Electric	RYE-koh	/ˈɹaɪkoʊ/	ライコウ
#0244	Entei	Fire	EN-tay	/ˈɛnteɪ/	エンテイ
#0245	Suicune	Water	SWEE-koon	/ˈswiːkuːn/	スイクン
#0246	Larvitar	Rock, Ground	LAR-vih-tar	/ˈlɑːɹvətɑːɹ/	ヨーギラス
#0247	Pupitar	Rock, Ground	PYOO-pih-tar	/ˈpjuːpətɑːɹ/	サナギラス
#0248	Tyranitar	Rock, Dark	tye-RAN-ih-tar	/taɪˈɹænətɑːɹ/	バンギラス
#0249	Lugia	Psychic, Flying	LOO-gee-uh	/ˈluːɡiːə/	ルギア
#0250	Ho-Oh	Fire, Flying	HO-oh	/ˈhoʊʔoʊ/	ホウオウ
#0251	Celebi	Psychic, Grass	SEL-uh-bee	/ˈsɛləbiː/	セレビィ
#0252	Treecko	Grass	TREE-koh	/ˈtɹiːkoʊ/	キモリ
#0253	Grovyle	Grass	GROH-vile	/ˈɡɹoʊvaɪl/	ジュプトル
#0254	Sceptile	Grass	SEP-tile	/ˈsɛptaɪl/	ジュカイン
#0255	Torchic	Fire	TOR-chick	/ˈtɔːɹtʃɪk/	アチャモ
#0256	Combusken	Fire, Fighting	kum-BUS-kin	/kəmˈbʌskən/	ワカシャモ
#0257	Blaziken	Fire, Fighting	BLAYZ-ih-kin	/ˈbleɪzəkən/	バシャーモ
#0258	Mudkip	Water	MUD-kip	/ˈmʌdkɪp/	ミズゴロウ
#0259	Marshtomp	Water, Ground	MARSH-tahmp	/ˈmɑːɹʃtɑːmp/	ヌマクロー
#0260	Swampert	Water, Ground	SWAHM-purt	/ˈswɑːmpɚt/	ラグラージ
#0261	Poochyena	Dark	POO-chee-YEN-uh	/ˌpuːtʃiːˈjɛnə/	ポチエナ
#0262	Mightyena	Dark	MY-tee-YEN-uh	/ˌmaɪtiːˈjɛnə/	グラエナ
#0263	Zigzagoon	Normal	zig-zuh-GOON	/zɪɡzəˈɡuːn/	ジグザグマ
#0264	Linoone	Normal	lie-NOON	/laɪˈnuːn/	マッスグマ
#0265	Wurmple	Bug	WURM-pull	/ˈwɝːmpəl/	ケムッソ
#0266	Silcoon	Bug	SILL-koon	/ˈsɪlkuːn/	カラサリス
#0267	Beautifly	Bug, Flying	BYOO-tih-fly	/ˈbjuːtəflaɪ/	アゲハント
#0268	Cascoon	Bug	KASS-koon	/ˈkæskuːn/	マユルド
#0269	Dustox	Bug, Poison	DUS-tahks	/ˈdʌstɑːks/	ドクケイル
#0270	Lotad	Water, Grass	LOH-tad	/ˈloʊtæd/	ハスボー
#0271	Lombre	Water, Grass	LAHM-bray	/ˈlɑːmbɹeɪ/	ハスブレロ
#0272	Ludicolo	Water, Grass	LOO-dee-KOH-loh	/ˌluːdiːˈkoʊloʊ/	ルンパッパ
#0273	Seedot	Grass	SEE-daht	/ˈsiːdɑːt/	タネボー
#0274	Nuzleaf	Grass, Dark	NUZ-leef	/ˈnʌzliːf/	コノハナ
#0275	Shiftry	Grass, Dark	SHIF-tree	/ˈʃɪftɹiː/	ダーテング
#0276	Taillow	Normal, Flying	TAY-loh	/ˈteɪloʊ/	スバメ
#0277	Swellow	Normal, Flying	SWELL-oh	/ˈswɛloʊ/	オオスバメ
#0278	Wingull	Water, Flying	WING-gull	/ˈwɪŋɡəl/	キャモメ
#0279	Pelipper	Water, Flying	PELL-ih-pur	/ˈpɛlɪpɚ/	ペリッパー
#0280	Ralts	Psychic, Fairy	RAHLTS	/ˈɹɑːlts/	ラルトス
#0281	Kirlia	Psychic, Fairy	KUR-lee-uh	/ˈkɝːliːə/	キルリア
#0282	Gardevoir	Psychic, Fairy	GAR-dih-vwar	/ˈɡɑːɹdəvwɑːɹ/	サーナイト
#0283	Surskit	Bug, Water	SUR-skit	/ˈsɝːskɪt/	アメタマ
#0284	Masquerain	Bug, Flying	mass-kur-AIN	/mæskɚˈeɪn/	アメモース
#0285	Shroomish	Grass	SHROO-mish	/ˈʃɹuːmɪʃ/	キノココ
#0286	Breloom	Grass, Fighting	BREH-loom	/ˈbɹɛluːm/	キノガッサ
#0287	Slakoth	Normal	SLAK-ahth	/ˈslækɑːθ/	ナマケロ
#0288	Vigoroth	Normal	VIG-ur-ahth	/ˈvɪɡɚɑːθ/	ヤルキモノ
#0289	Slaking	Normal	SLAK-ing	/ˈslækɪŋ/	ケッキング
#0290	Nincada	Bug, Ground	nin-KAH-duh	/nɪnˈkɑːdə/	ツチニン
#0291	Ninjask	Bug, Flying	NIN-jask	/ˈnɪndʒæsk/	テッカニン
#0292	Shedinja	Bug, Ghost	shed-IN-juh	/ʃɛdˈɪndʒə/	ヌケニン
#0293	Whismur	Normal	WHISS-mur	/ˈhwɪsmɚ/	ゴニョニョ
#0294	Loudred	Normal	LOUD-red	/ˈlaʊdɹɛd/	ドゴーム
#0295	Exploud	Normal	ek-SPLOWD	/ɛkˈsplaʊd/	バクオング
#0296	Makuhita	Fighting	MAH-koo-HEE-tuh	/ˌmɑːkuːˈhiːtə/	マクノシタ
#0297	Hariyama	Fighting	HAR-ee-YAH-muh	/ˌhɑːɹiːˈjɑːmə/	ハリテヤマ
#0298	Azurill	Normal, Fairy	uh-ZOO-ril	/əˈzuːɹɪl/	ルリリ
#0299	Nosepass	Rock	NOZE-pass	/ˈnoʊzpæs/	ノズパス
#0300	Skitty	Normal	SKIT-ee	/ˈskɪtiː/	エネコ
#0301	Delcatty	Normal	DEL-kat-ee	/ˈdɛlkætiː/	エネコロロ
#0302	Sableye	Dark, Ghost	SAY-buh-lye	/ˈseɪbəlaɪ/	ヤミラミ
#0303	Mawile	Steel, Fairy	MAH-wile	/ˈmɑːwaɪl/	クチート
#0304	Aron	Steel, Rock	EHR-ahn	/ˈɛɹɑːn/	ココドラ
#0305	Lairon	Steel, Rock	LEHR-ahn	/ˈlɛɹɑːn/	コドラ
#0306	Aggron	Steel, Rock	AG-rahn	/ˈæɡɹɑːn/	ボスゴドラ
#0307	Meditite	Fighting, Psychic	MED-ih-tite	/ˈmɛdətaɪt/	アサナン
#0308	Medicham	Fighting, Psychic	MED-ih-cham	/ˈmɛdətʃæm/	チャーレム
#0309	Electrike	Electric	ee-LEK-trike	/ɪˈlɛktɹɑɪk/	ラクライ
#0310	Manectric	Electric	may-NEK-trik	/meɪˈnɛktɹɪk/	ライボルト
#0311	Plusle	Electric	PLUS-ull	/ˈplʌsəl/	プラスル
#0312	Minun	Electric	MY-nun	/ˈmaɪnən/	マイナン
#0313	Volbeat	Bug	VOHL-beet	/ˈvoʊlbiːt/	バルビート
#0314	Illumise	Bug	ih-loo-MEE-zay	/ɪluˈmiːzeɪ/	イルミーゼ
#0315	Roselia	Grass, Poison	roh-ZEL-ee-uh	/ɹoʊˈzɛliːə/	ロゼリア
#0316	Gulpin	Poison	GULL-pin	/ˈɡʊlpɪn/	ゴクリン
#0317	Swalot	Poison	SWAH-laht	/ˈswɑːlɑːt/	マルノーム
#0318	Carvanha	Water, Dark	kar-VAHN-uh	/kɑːɹˈvɑːnə/	キバニア
#0319	Sharpedo	Water, Dark	shar-PEE-doh	/ʃɑːɹˈpiːdoʊ/	サメハダー
#0320	Wailmer	Water	WAIL-mur	/ˈweɪlmɚ/	ホエルコ
#0321	Wailord	Water	WAIL-ord	/ˈweɪlɔːɹd/	ホエルオー
#0322	Numel	Fire, Ground	NUM-ull	/ˈnʌməl/	ドンメル
#0323	Camerupt	Fire, Ground	KAM-ur-upt	/ˈkæmɚʌpt/	バクーダ
#0324	Torkoal	Fire	TOR-kohl	/ˈtɔːɹkoʊl/	コータス
#0325	Spoink	Psychic	SPOINK	/spɔɪŋk/	バネブー
#0326	Grumpig	Psychic	GRUM-pig	/ˈɡɹʌmpɪɡ/	ブーピッグ
#0327	Spinda	Normal	SPIN-duh	/ˈspɪndə/	パッチール
#0328	Trapinch	Ground	TRA-pinch	/ˈtɹæpɪntʃ/	ナックラー
#0329	Vibrava	Ground, Dragon	vye-BRAH-vuh	/vaɪˈbɹɑːvə/	ビブラーバ
#0330	Flygon	Ground, Dragon	FLY-gahn	/ˈflaɪɡɑːn/	フライゴン
#0331	Cacnea	Grass	KAK-nee-uh	/ˈkækniːə/	サボネア
#0332	Cacturne	Grass, Dark	KAK-turn	/ˈkæktɚn/	ノクタス
#0333	Swablu	Normal, Flying	SWAHB-loo	/ˈswɑːbluː/	チルット
#0334	Altaria	Dragon, Flying	ahl-TAHR-ee-uh	/ɑːlˈtɑːɹiːə/	チルタリス
#0335	Zangoose	Normal	ZANG-goos	/ˈzæŋɡus/	ザングース
#0336	Seviper	Poison	suh-VYE-pur	/səˈvaɪpɚ/	ハブネーク
#0337	Lunatone	Psychic, Rock	LOO-nuh-tohn	/ˈluːnətoʊn/	ルナトーン
#0338	Solrock	Psychic, Rock	SOHL-rahk	/ˈsɔːlɹɑːk/	ソルロック
#0339	Barboach	Water, Ground	BAR-bohch	/ˈbɑːɹboʊtʃ/	ドジョッチ
#0340	Whiscash	Water, Ground	WHIS-kash	/ˈhwɪskæʃ/	ナマズン
#0341	Corphish	Water	KOR-fish	/ˈkɔːɹfɪʃ/	ヘイガニ
#0342	Crawdaunt	Water, Dark	KRAH-dawnt	/ˈkrɑːdɑːnt/	シザリガー
#0343	Baltoy	Psychic, Ground	BAHL-toy	/ˈbɑːltɔɪ/	ヤジロン
#0344	Claydol	Psychic, Ground	KLAY-dohl	/ˈkleɪdɔl/	ネンドール
#0345	Lileep	Rock, Grass	lil-EEP	/lɪlˈiːp/	リリーラ
#0346	Cradily	Rock, Grass	cray-DILL-ee	/kɹeɪˈdɪliː/	ユレイドル
#0347	Anorith	Rock, Bug	AN-uh-rith	/ˈænəɹɪθ/	アノプス
#0348	Armaldo	Rock, Bug	ar-MAHL-doh	/ɑːɹˈmɑːldoʊ/	アーマルド
#0349	Feebas	Water	FEE-bas	/ˈfiːbæs/	ヒンバス
#0350	Milotic	Water	MY-loh-tik	/ˈmaɪloʊtɪk/	ミロカロス
#0351	Castform	Normal	KAST-form	/ˈkæstfɔːɹm/	ポワルン
#0352	Kecleon	Normal	KEK-lee-ahn	/ˈkɛkliːɑːn/	カクレオン
#0353	Shuppet	Ghost	SHUP-it	/ˈʃʌpət/	カゲボウズ
#0354	Banette	Ghost	bay-NET	/beɪˈnɛt/	ジュペッタ
#0355	Duskull	Ghost	DUS-kull	/ˈdʌskəl/	ヨマワル
#0356	Dusclops	Ghost	DUS-klahps	/ˈdʌsklɑːps/	サマヨール
#0357	Tropius	Grass, Flying	TRAHP-ee-us	/ˈtɹɑːpiːəs/	トロピウス
#0358	Chimecho	Psychic	chye-MEK-oh	/tʃaɪˈmɛkoʊ/	チリーン
#0359	Absol	Dark	AB-sohl	/ˈæbsɔːl/	アブソル
#0360	Wynaut	Psychic	WY-naut	/ˈwaɪnɑːt/	ソーナノ
#0361	Snorunt	Ice	SNOH-runt	/ˈsnoʊɹʌnt/	ユキワラシ
#0362	Glalie	Ice	GLAY-lee	/ˈɡleɪliː/	オニゴーリ
#0363	Spheal	Ice, Water	SFEEL	/ˈsfiːl/	タマザラシ
#0364	Sealeo	Ice, Water	SEE-lee-oh	/ˈsiːliːoʊ/	トドグラー
#0365	Walrein	Ice, Water	WAHL-rain	/ˈwɑːlɹeɪn/	トドゼルガ
#0366	Clamperl	Water	KLAM-purl	/ˈklæmpɚl/	パールル
#0367	Huntail	Water	HUN-tail	/ˈhʌnteɪl/	ハンテール
#0368	Gorebyss	Water	GOHR-uh-bis	/ˈɡɔːɹəbɪs/	サクラビス
#0369	Relicanth	Water, Rock	RELL-ih-kanth	/ˈɹɛlɪkænθ/	ジーランス
#0370	Luvdisc	Water	LUV-disk	/ˈlʌvdɪsk/	ラブカス
#0371	Bagon	Dragon	BAY-gahn	/ˈbeɪɡɑːn/	タツベイ
#0372	Shelgon	Dragon	SHEL-gahn	/ˈʃɛlɡɑːn/	コモルー
#0373	Salamence	Dragon, Flying	SAL-uh-mence	/ˈsæləmɛns/	ボーマンダ
#0374	Beldum	Steel, Psychic	BEL-dum	/ˈbɛldʌm/	ダンバル
#0375	Metang	Steel, Psychic	muh-TANG	/məˈtæŋ/	メタング
#0376	Metagross	Steel, Psychic	MEH-tuh-grohs	/ˈmɛtəɡroʊs/	メタグロス
#0377	Regirock	Rock	REJ-ee-rahk	/ˈɹɛdʒiːɹɑːk/	レジロック
#0378	Regice	Ice	REJ-ice	/ˈɹɛdʒaɪs/	レジアイス
#0379	Registeel	Steel	REJ-ee-steel	/ˈɹɛdʒiːstiːl/	レジスチル
#0380	Latias	Dragon, Psychic	LAH-tee-ahs	/ˈlɑːtiːɑːs/	ラティアス
#0381	Latios	Dragon, Psychic	LAH-tee-ohs	/ˈlɑːtiːoʊs/	ラティオス
#0382	Kyogre	Water	kye-OH-gur	/kaɪˈoʊɡɚ/	カイオーガ
#0383	Groudon	Ground	GROU-dahn	/ˈɡɹaʊdɑːn/	グラードン
#0384	Rayquaza	Dragon, Flying	ray-KWAY-zuh	/ɹeɪˈkweɪzə/	レックウザ
#0385	Jirachi	Steel, Psychic	jur-AH-chee	/dʒɚˈɑːtʃiː/	ジラーチ
#0386	Deoxys	Psychic	dee-AHK-sis	/diːˈɑːksɪs/	デオキシス
#0387	Turtwig	Grass	TUR-twig	/ˈtɝːtwɪɡ/	ナエトル
#0388	Grotle	Grass	GRAH-tull	/ˈɡɹɑːɾəl/	ハヤシガメ
#0389	Torterra	Grass, Ground	tohr-TEHR-uh	/tɔːɹˈtɛɹə/	ドダイトス
#0390	Chimchar	Fire	CHIM-char	/ˈtʃɪmtʃɑːɹ/	ヒコザル
#0391	Monferno	Fire, Fighting	mahn-FUR-noh	/mɑːnˈfɝːnoʊ/	モウカザル
#0392	Infernape	Fire, Fighting	in-FUR-nape	/ɪnˈfɝːneɪp/	ゴウカザル
#0393	Piplup	Water	PIP-lup	/ˈpɪplʌp/	ポッチャマ
#0394	Prinplup	Water	PRIN-plup	/ˈpɹɪnplʌp/	ポッタイシ
#0395	Empoleon	Water, Steel	em-POHL-ee-ahn	/ɛmˈpɔːliːɑːn/	エンペルト
#0396	Starly	Normal, Flying	STAR-lee	/ˈstɑːɹliː/	ムックル
#0397	Staravia	Normal, Flying	star-AY-vee-uh	/stɑːɹˈeɪviːə/	ムクバード
#0398	Staraptor	Normal, Flying	star-AP-tur	/stɑːɹˈæptɚ/	ムクホーク
#0399	Bidoof	Normal	BEE-doof	/ˈbiːduːf/	ビッパ
#0400	Bibarel	Normal, Water	BEE-behr-ull	/ˈbiːbɛɹəl/	ビーダル
#0401	Kricketot	Bug	KRIK-ih-tot	/ˈkɹɪkətɑːt/	コロボーシ
#0402	Kricketune	Bug	KRIK-ih-toon	/ˈkɹɪkətuːn/	コロトック
#0403	Shinx	Electric	SHINKS	/ˈʃiːŋks/	コリンク
#0404	Luxio	Electric	LUKS-ee-oh	/ˈlʌksiːoʊ/	ルクシオ
#0405	Luxray	Electric	LUKS-ray	/ˈlʌksɹeɪ/	レントラー
#0406	Budew	Grass, Poison	buh-DOO	/bəˈduː/	スボミー
#0407	Roserade	Grass, Poison	ROZE-rayd	/ˈɹoʊzɹeɪd/	ロズレイド
#0408	Cranidos	Rock	KRANE-ee-dohs	/ˈkɹeɪniːdoʊs/	ズガイドス
#0409	Rampardos	Rock	ram-PAR-dohs	/ræmˈpɑːɹdoʊs/	ラムパルド
#0410	Shieldon	Rock, Steel	SHEEL-dahn	/ˈʃiːldɑːn/	タテトプス
#0411	Bastiodon	Rock, Steel	BAS-tee-oh-dahn	/ˈbæstiːoʊdɑːn/	トリデプス
#0412	Burmy	Bug	BUR-mee	/ˈbɝːmiː/	ミノムッチ
#0413	Wormadam	Bug, Grass	WUR-muh-dam	/ˈwɝːmədæm/	ミノマダム
#0414	Mothim	Bug, Flying	MAH-thim	/ˈmɑːθɪm/	ガーメイル
#0415	Combee	Bug, Flying	COHM-bee	/ˈkoʊmbiː/	ミツハニー
#0416	Vespiquen	Bug, Flying	VES-pih-kwen	/ˈvɛspɪkwɛn/	ビークイン
#0417	Pachirisu	Electric	PAH-chee-REE-soo	/pɑːtʃiˈɹiːsuː/	パチリス
#0418	Buizel	Water	BWEE-zull	/ˈbwiːzəl/	ブイゼル
#0419	Floatzel	Water	FLOHT-sull	/ˈfloʊtsəl/	フローゼル
#0420	Cherubi	Grass	chur-OO-bee	/tʃɚˈuːbiː/	チェリンボ
#0421	Cherrim	Grass	CHEHR-im	/ˈtʃɛɹɪm/	チェリム
#0422	Shellos	Water	SHELL-ahs	/ˈʃɛlɑːs/	カラナクシ
#0423	Gastrodon	Water, Ground	GAS-troh-dahn	/ˈɡæstɹoʊdɑːn/	トリトドン
#0424	Ambipom	Normal	AM-bih-pahm	/ˈæmbɪpɑːm/	エテボース
#0425	Drifloon	Ghost, Flying	DRIF-loon	/ˈdɹɪfluːn/	フワンテ
#0426	Drifblim	Ghost, Flying	DRIF-blim	/ˈdɹɪfblɪm/	フワライド
#0427	Buneary	Normal	buh-NEER-ee	/bəˈnɪɹiː/	ミミロル
#0428	Lopunny	Normal	LAH-puh-nee	/ˈlɑːpəniː/	ミミロップ
#0429	Mismagius	Ghost	mis-MAG-ee-us	/mɪsˈmæɡiːəs/	ムウマージ
#0430	Honchkrow	Dark, Flying	HONCH-krow	/ˈhɑːntʃkɹoʊ/	ドンカラス
#0431	Glameow	Normal	GLAM-ee-ow	/ˈɡlæmiːaʊ/	ニャルマー
#0432	Purugly	Normal	purr-UG-lee	/pɚˈʌɡliː/	ブニャット
#0433	Chingling	Psychic	CHING-ling	/ˈtʃɪŋlɪŋ/	リーシャン
#0434	Stunky	Poison, Dark	STUNK-ee	/ˈstʌŋkiː/	スカンプー
#0435	Skuntank	Poison, Dark	SKUN-tank	/ˈskʌntæŋk/	スカタンク
#0436	Bronzor	Steel, Psychic	BRAHN-zor	/ˈbɹɑːnzɔːɹ/	ドーミラー
#0437	Bronzong	Steel, Psychic	BRAHN-zahng	/ˈbɹɑːnzɑːŋ/	ドータクン
#0438	Bonsly	Rock	BAHN-sly	/ˈbɑːnslaɪ/	ウソハチ
#0439	Mime Jr.	Psychic, Fairy	mime-JOON-yur	/maɪmˈdʒuːnjɚ/	マネネ
#0440	Happiny	Normal	huh-PEE-nee	/həˈpiːniː/	ピンプク
#0441	Chatot	Normal, Flying	CHA-tot	/ˈtʃætɑːt/	ペラップ
#0442	Spiritomb	Ghost, Dark	SPEER-ih-toom	/ˈspɪɹətuːm/	ミカルゲ
#0443	Gible	Dragon, Ground	GIBB-ull	/ˈɡɪbəl/	フカマル
#0444	Gabite	Dragon, Ground	guh-BITE	/ɡəˈbaɪt/	ガバイト
#0445	Garchomp	Dragon, Ground	GAR-chomp	/ˈɡɑːɹtʃɑːmp/	ガブリアス
#0446	Munchlax	Normal	MUNCH-laks	/ˈmʌntʃlæks/	ゴンベ
#0447	Riolu	Fighting	ree-OH-loo	/ɹiːˈoʊluː/	リオル
#0448	Lucario	Fighting, Steel	loo-KAR-ee-oh	/luːˈkɑːɹiːoʊ/	ルカリオ
#0449	Hippopotas	Ground	HIH-poh-puh-TAHS	/hɪpoʊpəˈtɑːs/	ヒポポタス
#0450	Hippowdon	Ground	hih-POW-dahn	/hɪˈpaʊdɑːn/	カバルドン
#0451	Skorupi	Poison, Bug	skor-OO-pee	/skɔːɹˈuːpiː/	スコルピ
#0452	Drapion	Poison, Dark	DRAP-ee-ahn	/ˈdɹæpiːɑːn/	ドラピオン
#0453	Croagunk	Poison, Fighting	KROH-gunk	/ˈkɹoʊɡʌŋk/	グレッグル
#0454	Toxicroak	Poison, Fighting	TOKS-ih-crohk	/ˈtɑːksɪkɹoʊk/	ドクロッグ
#0455	Carnivine	Grass	KAR-nih-vine	/ˈkɑːɹnɪvaɪn/	マスキッパ
#0456	Finneon	Water	FIN-ee-ahn	/ˈfɪniːɑːn/	ケイコウオ
#0457	Lumineon	Water	loo-MIN-ee-ahn	/luːˈmɪniːɑːn/	ネオラント
#0458	Mantyke	Water, Flying	MAN-tyke	/ˈmæntɑɪk/	タマンタ
#0459	Snover	Grass, Ice	SNOH-vurr	/ˈsnoʊvɚ/	ユキカブリ
#0460	Abomasnow	Grass, Ice	uh-BAHM-uh-snoh	/əˈbɑːməsnoʊ/	ユキノオー
#0461	Weavile	Dark, Ice	WEE-vile	/ˈwiːvaɪl/	マニューラ
#0462	Magnezone	Electric, Steel	MAG-nuh-zohn	/ˈmæɡnəzoʊn/	ジバコイル
#0463	Lickilicky	Normal	LIK-ee-LIK-ee	/ˌlɪkiːˈlɪkiː/	ベロベルト
#0464	Rhyperior	Ground, Rock	rye-PEER-ee-urr	/ˈɹɑːɪpɪɹiːɚ/	ドサイドン
#0465	Tangrowth	Grass	TANG-grohth	/ˈtæŋɡroʊθ/	モジャンボ
#0466	Electivire	Electric	ee-LEK-tih-vire	/ɪˈlɛktəvɑɪɹ/	エレキブル
#0467	Magmortar	Fire	mag-MOHR-turr	/mæɡˈmɔːɹtɚ/	ブーバーン
#0468	Togekiss	Fairy, Flying	TOH-guh-kiss	/ˈtoʊɡəkɪs/	トゲキッス
#0469	Yanmega	Bug, Flying	yan-MEG-uh	/jænˈmɛɡə/	メガヤンマ
#0470	Leafeon	Grass	LEE-fee-ahn	/ˈliːfiːɑːn/	リーフィア
#0471	Glaceon	Ice	GLAY-see-ahn	/ˈɡleɪsiːɑːn/	グレイシア
#0472	Gliscor	Ground, Flying	GLYE-skor	/ˈɡlaɪskɔːɹ/	グライオン
#0473	Mamoswine	Ice, Ground	MAM-oh-swine	/ˈmæmoʊswaɪn/	マンムー
#0474	Porygon-Z	Normal	POR-ee-gahn-ZEE	/ˌpɔːɹiːɡɑːnˈziː/	ポリゴンＺ
#0475	Gallade	Psychic, Fighting	guh-LAID	/ɡəˈleɪd/	エルレイド
#0476	Probopass	Rock, Steel	PROH-boh-pass	/ˈpɹoʊboʊpæs/	ダイノーズ
#0477	Dusknoir	Ghost	DUSK-nwar	/ˈdʌsknwɑːɹ/	ヨノワール
#0478	Froslass	Ice, Ghost	FRAHS-lass	/ˈfɹɑːslæs/	ユキメノコ
#0479	Rotom	Electric, Ghost	ROH-tahm	/ˈɹoʊtɑːm/	ロトム
#0480	Uxie	Psychic	YOOK-see	/ˈjuːksiː/	ユクシー
#0481	Mesprit	Psychic	MESS-prit	/ˈmɛspɹɪt/	エムリット
#0482	Azelf	Psychic	AZ-elf	/ˈæzɛlf/	アグノム
#0483	Dialga	Steel, Dragon	dee-AHL-guh	/diːˈɑːlɡə/	ディアルガ
#0484	Palkia	Water, Dragon	PAHL-kee-uh	/ˈpɑːlkiːə/	パルキア
#0485	Heatran	Fire, Steel	HEE-tran	/ˈhiːtɹæn/	ヒードラン
#0486	Regigigas	Normal	REJ-ee-GEE-guss	/ˌɹɛdʒiːˈɡiːɡəs/	レジギガス
#0487	Giratina	Ghost, Dragon	GIRR-uh-TEE-nuh	/ˌɡɪɹəˈtiːnə/	ギラティナ
#0488	Cresselia	Psychic	kress-ELL-ee-uh	/kɹɛsˈɛliːə/	クレセリア
#0489	Phione	Water	fee-OH-nay	/fiːˈoʊneɪ/	フィオネ
#0490	Manaphy	Water	MAN-uh-fee	/ˈmænəfiː/	マナフィ
#0491	Darkrai	Dark	DARK-rye	/ˈdɑːɹkɹaɪ/	ダークライ
#0492	Shaymin	Grass	SHAY-min	/ˈʃeɪmɪn/	シェイミ
#0493	Arceus	Normal	AR-kee-iss	/ˈɑːɹkiːəs/	アルセウス
#0494	Victini	Psychic, Fire	vik-TEE-nee	/vɪkˈtiːniː/	ビクティニ
#0495	Snivy	Grass	SNYE-vee	/ˈsnaɪviː/	ツタージャ
#0496	Servine	Grass	SUR-vine	/ˈsɝːvaɪn/	ジャノビー
#0497	Serperior	Grass	sur-PEER-ee-ur	/sɚˈpɪɹiːɚ/	ジャローダ
#0498	Tepig	Fire	TEH-pig	/ˈtɛpɪɡ/	ポカブ
#0499	Pignite	Fire, Fighting	pig-NITE	/pɪɡˈnaɪt/	チャオブー
#0500	Emboar	Fire, Fighting	EM-bohr	/ˈɛmbɔːɹ/	エンブオー
#0501	Oshawott	Water	AH-shuh-waht	/ˈɑːʃəwɑːt/	ミジュマル
#0502	Dewott	Water	DOO-waht	/ˈduwɑːt/	フタチマル
#0503	Samurott	Water	SAM-ur-aht	/ˈsæmɚɑːt/	ダイケンキ
#0504	Patrat	Normal	puh-TRAT	/pəˈtɹæt/	ミネズミ
#0505	Watchog	Normal	WAH-chog	/ˈwɑːtʃɑːɡ/	ミルホッグ
#0506	Lillipup	Normal	LIL-ee-pup	/ˈlɪliːpʌp/	ヨーテリー
#0507	Herdier	Normal	HURD-ee-ur	/ˈhɝːdiːɚ/	ハーデリア
#0508	Stoutland	Normal	STOWT-lind	/ˈstaʊtlənd/	ムーランド
#0509	Purrloin	Dark	PURR-loin	/ˈpɝːlɔɪn/	チョロネコ
#0510	Liepard	Dark	LYE-purd	/ˈlaɪpɚd/	レパルダス
#0511	Pansage	Grass	PAN-sayj	/ˈpænseɪdʒ/	ヤナップ
#0512	Simisage	Grass	SIH-mee-sayj	/ˈsɪmiːseɪdʒ/	ヤナッキー
#0513	Pansear	Fire	PAN-seer	/ˈpænsɪɹ/	バオップ
#0514	Simisear	Fire	SIH-mee-seer	/ˈsɪmiːsɪɹ/	バオッキー
#0515	Panpour	Water	PAN-pohr	/ˈpænpɔːɹ/	ヒヤップ
#0516	Simipour	Water	SIH-mee-pohr	/ˈsɪmiːpɔːɹ/	ヒヤッキー
#0517	Munna	Psychic	MOO-nuh	/ˈmuːnə/	ムンナ
#0518	Musharna	Psychic	moo-SHAR-nuh	/muːˈʃɑːɹnə/	ムシャーナ
#0519	Pidove	Normal, Flying	pee-DUV	/piːˈdʌv/	マメパト
#0520	Tranquill	Normal, Flying	TRAN-kwil	/ˈtɹæŋkwɪl/	ハトーボー
#0521	Unfezant	Normal, Flying	un-FEZ-ent	/ʌnˈfɛzənt/	ケンホロウ
#0522	Blitzle	Electric	BLIT-sul	/ˈblɪtsəl/	シママ
#0523	Zebstrika	Electric	zeb-STRYE-kuh	/zɛbˈstɹaɪkə/	ゼブライカ
#0524	Roggenrola	Rock	RAH-gen-ROH-luh	/ˌɹɑːɡənˈɹoʊlə/	ダンゴロ
#0525	Boldore	Rock	BOHL-dohr	/ˈboʊldɔːɹ/	ガントル
#0526	Gigalith	Rock	GIH-guh-lith	/ˈɡɪɡəlɪθ/	ギガイアス
#0527	Woobat	Psychic, Flying	WOO-bat	/ˈwuːbæt/	コロモリ
#0528	Swoobat	Psychic, Flying	SWOO-bat	/ˈswuːbæt/	ココロモリ
#0529	Drilbur	Ground	DRIL-bur	/ˈdɹɪlbɚ/	モグリュー
#0530	Excadrill	Ground, Steel	EKS-kuh-drill	/ˈɛksədrɪl/	ドリュウズ
#0531	Audino	Normal	AH-din-oh	/ˈɑːdɪnoʊ/	タブンネ
#0532	Timburr	Fighting	TIM-bur	/ˈtɪmbɚ/	ドッコラー
#0533	Gurdurr	Fighting	GUR-dur	/ˈɡɝːdɚ/	ドテッコツ
#0534	Conkeldurr	Fighting	kong-KELL-dur	/kɑːŋˈkɛldɚ/	ローブシン
#0535	Tympole	Water	TIM-pohl	/ˈtɪmpɔːl/	オタマロ
#0536	Palpitoad	Water, Ground	PAL-pih-tohd	/ˈpælpətoʊd/	ガマガル
#0537	Seismitoad	Water, Ground	SIZE-mih-tohd	/ˈsaɪzmətoʊd/	ガマゲロゲ
#0538	Throh	Fighting	THROH	/ˈθɹoʊ/	ナゲキ
#0539	Sawk	Fighting	SAHK	/ˈsɑːk/	ダゲキ
#0540	Sewaddle	Bug, Grass	seh-WAHD-ull	/səˈwɑːdəl/	クルミル
#0541	Swadloon	Bug, Grass	swad-LOON	/swɑːdˈluːn/	クルマユ
#0542	Leavanny	Bug, Grass	lee-VAN-nee	/liːˈvæniː/	ハハコモリ
#0543	Venipede	Bug, Poison	VEHN-ih-peed	/ˈvɛnɪpiːd/	フシデ
#0544	Whirlipede	Bug, Poison	WHIR-lih-peed	/ˈhwɝːlɪpiːd/	ホイーガ
#0545	Scolipede	Bug, Poison	SKOH-lih-peed	/ˈskoʊlɪpiːd/	ペンドラー
#0546	Cottonee	Grass, Fairy	KAH-tuh-nee	/ˈkɑːʔəniː/	モンメン
#0547	Whimsicott	Grass, Fairy	WHIM-sih-kaht	/ˈhwɪmsɪkɑːt/	エルフーン
#0548	Petilil	Grass	PEH-tuh-lil	/ˈpɛɾəlɪl/	チュリネ
#0549	Lilligant	Grass	LIL-luh-gint	/ˈlɪləɡənt/	ドレディア
#0550	Basculin	Water	BASS-kyoo-lin	/ˈbæskjuːlɪn/	バスラオ
#0551	Sandile	Ground, Dark	SAN-dyle	/ˈsændaɪl/	メグロコ
#0552	Krokorok	Ground, Dark	KRAHK-oh-rahk	/ˈkɹɑːkoʊɹɑːk/	ワルビル
#0553	Krookodile	Ground, Dark	KROOK-oh-dyle	/ˈkɹʊkoʊdaɪl/	ワルビアル
#0554	Darumaka	Fire	DAH-roo-MAH-kuh	/dɑːɹuːˈmɑːkə/	ダルマッカ
#0555	Darmanitan	Fire	dar-MAN-ih-tan	/dɑːɹˈmænɪtæn/	ヒヒダルマ
#0556	Maractus	Grass	mah-RAK-tis	/məˈɹæktəs/	マラカッチ
#0557	Dwebble	Bug, Rock	DWEH-bul	/ˈdwɛbəl/	イシズマイ
#0558	Crustle	Bug, Rock	KRUS-tul	/ˈkɹʌstəl/	イワパレス
#0559	Scraggy	Dark, Fighting	SKRAG-ee	/ˈskɹæɡiː/	ズルッグ
#0560	Scrafty	Dark, Fighting	SKRAF-tee	/ˈskɹæftiː/	ズルズキン
#0561	Sigilyph	Psychic, Flying	SIH-jih-liff	/ˈsɪdʒəlɪf/	シンボラー
#0562	Yamask	Ghost	YAH-mask	/ˈjɑːmæsk/	デスマス
#0563	Cofagrigus	Ghost	KAHF-uh-GREE-gis	/ˌkɑːfəˈɡɹiːɡəs/	デスカーン
#0564	Tirtouga	Water, Rock	tirr-TOO-guh	/tɪɹˈtuːɡə/	プロトーガ
#0565	Carracosta	Water, Rock	KAR-ruh-KAHS-tuh	/ˌkɑːɹəˈkɑːstə/	アバゴーラ
#0566	Archen	Rock, Flying	AR-ken	/ˈɑːɹkən/	アーケン
#0567	Archeops	Rock, Flying	AR-kee-ahps	/ˈɑːɹkiːɑːps/	アーケオス
#0568	Trubbish	Poison	TRUB-ish	/ˈtɹʌbɪʃ/	ヤブクロン
#0569	Garbodor	Poison	gar-BOH-dur	/ɡɑːɹˈboʊdɚ/	ダストダス
#0570	Zorua	Dark	ZOHR-oo-uh	/ˈzɔːɹuːə/	ゾロア
#0571	Zoroark	Dark	ZOHR-oh-ark	/ˈzɔːɹoʊɑːɹk/	ゾロアーク
#0572	Minccino	Normal	min-CHEE-noh	/mɪnˈtʃiːnoʊ/	チラーミィ
#0573	Cinccino	Normal	chin-CHEE-noh	/tʃɪnˈtʃiːnoʊ/	チラチーノ
#0574	Gothita	Psychic	goth-EE-tuh	/ɡɑːθˈiːɾə/	ゴチム
#0575	Gothorita	Psychic	GOTH-oh-REE-tuh	/ˌɡɑːθɔːɹˈiːɾə/	ゴチミル
#0576	Gothitelle	Psychic	GOTH-ih-tell	/ˈɡɑːθɪtɛl/	ゴチルゼル
#0577	Solosis	Psychic	soh-LOH-sis	/soʊˈloʊsɪs/	ユニラン
#0578	Duosion	Psychic	doo-OH-zhun	/duːˈoʊʒən/	ダブラン
#0579	Reuniclus	Psychic	REE-yoo-NEE-klis	/ˌɹiːjuːˈniːkləs/	ランクルス
#0580	Ducklett	Water, Flying	DUK-lit	/ˈdʌklət/	コアルヒー
#0581	Swanna	Water, Flying	SWAH-nuh	/ˈswɑːnə/	スワンナ
#0582	Vanillite	Ice	vuh-NIHL-ite	/vəˈnɪlaɪt/	バニプッチ
#0583	Vanillish	Ice	vuh-NIHL-ish	/vəˈnɪlɪʃ/	バニリッチ
#0584	Vanilluxe	Ice	vuh-NIHL-uks	/vəˈnɪlʌks/	バイバニラ
#0585	Deerling	Normal, Grass	DEER-ling	/ˈdɪɹlɪŋ/	シキジカ
#0586	Sawsbuck	Normal, Grass	SAWZ-buck	/ˈsɑːzbʌk/	メブキジカ
#0587	Emolga	Electric, Flying	ee-MOHL-guh	/əˈmɔːlɡə/	エモンガ
#0588	Karrablast	Bug	KAHR-uh-blast	/ˈkɑːɹəblæst/	カブルモ
#0589	Escavalier	Bug, Steel	ES-kav-uh-LEER	/ˌɛskævəˈlɪɹ/	シュバルゴ
#0590	Foongus	Grass, Poison	FOON-gus	/ˈfuːŋɡəs/	タマゲタケ
#0591	Amoonguss	Grass, Poison	uh-MOON-gus	/əˈmuːŋɡəs/	モロバレル
#0592	Frillish	Water, Ghost	FRILL-ish	/ˈfɹɪlɪʃ/	プルリル
#0593	Jellicent	Water, Ghost	JELL-ih-sent	/ˈdʒɛlɪsənt/	ブルンゲル
#0594	Alomomola	Water	uh-LOH-muh-MOH-luh	/əˌloʊməˈmoʊlə/	ママンボウ
#0595	Joltik	Bug, Electric	JOHL-tik	/ˈdʒɔːltɪk/	バチュル
#0596	Galvantula	Bug, Electric	gal-VAN-choo-luh	/ɡælˈvæntʃuːlə/	デンチュラ
#0597	Ferroseed	Grass, Steel	fer-AH-seed	/fɚˈɑːsiːd/	テッシード
#0598	Ferrothorn	Grass, Steel	fer-AH-thorn	/fɚˈɑːθɔːɹn/	ナットレイ
#0599	Klink	Steel	KLINK	/ˈklɪŋk/	ギアル
#0600	Klang	Steel	KLANG	/ˈklæŋ/	ギギアル
#0601	Klinklang	Steel	KLING-klang	/ˈklɪŋklæŋ/	ギギギアル
#0602	Tynamo	Electric	TYE-nuh-moh	/ˈtaɪnəmoʊ/	シビシラス
#0603	Eelektrik	Electric	EE-lek-trik	/ˈiːlɛktɹɪk/	シビビール
#0604	Eelektross	Electric	EE-lek-trahs	/ˈiːlɛktɹaːs/	シビルドン
#0605	Elgyem	Psychic	ELL-jee-yem	/ˈɛldʒiːjɛm/	リグレー
#0606	Beheeyem	Psychic	BEE-hee-yem	/ˈbiːhiːjɛm/	オーベム
#0607	Litwick	Ghost, Fire	LIT-wick	/ˈlɪtwɪk/	ヒトモシ
#0608	Lampent	Ghost, Fire	LAM-pent	/ˈlæmpɛnt/	ランプラー
#0609	Chandelure	Ghost, Fire	shan-duh-LOOR	/ʃændəˈlʊəɹ/	シャンデラ
#0610	Axew	Dragon	AKS-yoo	/ˈæksjuː/	キバゴ
#0611	Fraxure	Dragon	FRAK-shur	/ˈfɹækʃɚ/	オノンド
#0612	Haxorus	Dragon	HAKS-or-is	/ˈhæksɔːɹəs/	オノノクス
#0613	Cubchoo	Ice	KUB-choo	/ˈkʌbtʃuː/	クマシュン
#0614	Beartic	Ice	BEHR-tick	/ˈbɛɹtɪk/	ツンベアー
#0615	Cryogonal	Ice	krye-AH-guh-nul	/kɹaɪˈɑːɡənəl/	フリージオ
#0616	Shelmet	Bug	SHEL-mit	/ˈʃɛlmət/	チョボマキ
#0617	Accelgor	Bug	ak-SEL-gohr	/ækˈsɛlɡɔːɹ/	アギルダー
#0618	Stunfisk	Ground, Electric	STUN-fisk	/ˈstʌnfɪsk/	マッギョ
#0619	Mienfoo	Fighting	MEEN-foo	/ˈmiːnfuː/	コジョフー
#0620	Mienshao	Fighting	MEEN-shou	/ˈmiːnʃaʊ/	コジョンド
#0621	Druddigon	Dragon	DRUD-ih-gin	/ˈdɹʌdɪɡən/	クリムガン
#0622	Golett	Ground, Ghost	GOH-let	/ˈɡɔːlɛt/	ゴビット
#0623	Golurk	Ground, Ghost	GOH-lurk	/ˈɡɔːlɚk/	ゴルーグ
#0624	Pawniard	Dark, Steel	PAHN-yard	/ˈpɑːnjɑːɹd/	コマタナ
#0625	Bisharp	Dark, Steel	BIH-sharp	/ˈbɪʃɑːɹp/	キリキザン
#0626	Bouffalant	Normal	BOO-fuh-lahnt	/ˈbuːfəlɑːnt/	バッフロン
#0627	Rufflet	Normal, Flying	RUFF-lit	/ˈɹʌflət/	ワシボン
#0628	Braviary	Normal, Flying	BRAY-vee-ehr-ee	/ˈbɹeɪviːɛɹiː/	ウォーグル
#0629	Vullaby	Dark, Flying	VULL-uh-bye	/ˈvʌləbaɪ/	バルチャイ
#0630	Mandibuzz	Dark, Flying	MAN-dih-buzz	/ˈmændɪbʌz/	バルジーナ
#0631	Heatmor	Fire	HEET-mohr	/ˈhiːʔmɔːɹ/	クイタラン
#0632	Durant	Bug, Steel	durr-ANT	/dɚˈænt/	アイアント
#0633	Deino	Dark, Dragon	DYE-noh	/ˈdaɪnoʊ/	モノズ
#0634	Zweilous	Dark, Dragon	ZVYE-lis	/ˈzvaɪləs/	ジヘッド
#0635	Hydreigon	Dark, Dragon	hy-DRYE-gin	/̩haɪˈdraɪɡən/	サザンドラ
#0636	Larvesta	Bug, Fire	lar-VES-tuh	/lɑːɹˈvɛstə/	メラルバ
#0637	Volcarona	Bug, Fire	vahl-kuh-ROH-nuh	/ˌvɑːlkəˈɹoʊnə/	ウルガモス
#0638	Cobalion	Steel, Fighting	koh-BAY-lee-un	/koʊˈbeɪliːən/	コバルオン
#0639	Terrakion	Ground, Fighting	tur-AK-ee-in	/tɚˈækiːən/	テラキオン
#0640	Virizion	Grass, Fighting	ver-EYE-zee-in	/vɚˈaɪziːən/	ビリジオン
#0641	Tornadus	Flying	tohr-NAY-dis	/tɔːɹˈneɪdəs/	トルネロス
#0642	Thundurus	Electric, Flying	THUN-dur-is	/ˈθʌndɚəs/	ボルトロス
#0643	Reshiram	Dragon, Fire	RESH-ih-ram	/ˈɹɛʃəɹæm/	レシラム
#0644	Zekrom	Dragon, Electric	ZEK-rahm	/ˈzɛkɹɑːm/	ゼクロム
#0645	Landorus	Ground, Flying	LAN-dur-is	/ˈlændɚəs/	ランドロス
#0646	Kyurem	Dragon, Ice	KYOO-rem	/ˈkjuːɹɛm/	キュレム
#0647	Keldeo	Water, Fighting	KEL-dee-oh	/ˈkɛldiːoʊ/	ケルディオ
#0648	Meloetta	Normal, Psychic	MEH-loh-ET-uh	/ˌmɛloʊˈɛɾə/	メロエッタ
#0649	Genesect	Bug, Steel	JEN-uh-sekt	/ˈdʒɛnəsɛkt/	ゲノセクト
#0650	Chespin	Grass	CHESS-pin	/ˈtʃɛspɪn/	ハリマロン
#0651	Quilladin	Grass	QUILL-uh-din	/ˈkwɪlədɪn/	ハリボーグ
#0652	Chesnaught	Grass, Fighting	CHESS-naht	/ˈtʃɛsnɑːt/	ブリガロン
#0653	Fennekin	Fire	FEN-uh-kin	/ˈfɛnəkɪn/	フォッコ
#0654	Braixen	Fire	BRAYK-sin	/ˈbɹeɪksɪn/	テールナー
#0655	Delphox	Fire, Psychic	DELL-fahks	/ˈdɛlfɑːks/	マフォクシー
#0656	Froakie	Water	FROH-kee	/ˈfɹoʊkiː/	ケロマツ
#0657	Frogadier	Water	frog-uh-DEER	/fɹɑːɡəˈdɪɹ/	ゲコガシラ
#0658	Greninja	Water, Dark	gruh-NIN-juh	/ɡɹəˈnɪndʒə/	ゲッコウガ
#0659	Bunnelby	Normal	BUNN-uhl-bee	/ˈbʌnəlbiː/	ホルビー
#0660	Diggersby	Normal, Ground	DIG-erz-bee	/ˈdɪɡɚzbiː/	ホルード
#0661	Fletchling	Normal, Flying	FLETCH-ling	/ˈflɛtʃlɪŋ/	ヤヤコマ
#0662	Fletchinder	Fire, Flying	FLETCH-in-dur	/ˈflɛtʃɪndɚ/	ヒノヤコマ
#0663	Talonflame	Fire, Flying	TAL-in-flame	/ˈtælənfleɪm/	ファイアロー
#0664	Scatterbug	Bug	SKAT-ur-bug	/ˈskætɚbʌɡ/	コフキムシ
#0665	Spewpa	Bug	SPYOO-puh	/ˈspjuːpə/	コフーライ
#0666	Vivillon	Bug, Flying	VIH-vee-yahn	/ˈvɪviːjɑːn/	ビビヨン
#0667	Litleo	Fire, Normal	LIT-lee-oh	/ˈlɪtliːoʊ/	シシコ
#0668	Pyroar	Fire, Normal	PYE-rohr	/ˈpaɪɹɔːɹ/	カエンジシ
#0669	Flabébé	Fairy	fluh-BAY-bay	/fləˈbeɪbeɪ/	フラベベ
#0670	Floette	Fairy	floh-ETT	/floʊˈɛt/	フラエッテ
#0671	Florges	Fairy	FLOHR-jiss	/ˈflɔːɹdʒɪs/	フラージェス
#0672	Skiddo	Grass	skih-DOO	/skɪˈduː/	メェークル
#0673	Gogoat	Grass	GOH-goht	/ˈɡoʊɡoʊt/	ゴーゴート
#0674	Pancham	Fighting	PAN-chum	/ˈpæntʃəm/	ヤンチャム
#0675	Pangoro	Fighting, Dark	PANG-gur-oh	/ˈpæŋɡɚoʊ/	ゴロンダ
#0676	Furfrou	Normal	FUR-froo	/ˈfɝːfɹuː/	トリミアン
#0677	Espurr	Psychic	ESS-purr	/ˈɛspɚ/	ニャスパー
#0678	Meowstic	Psychic	mee-OW-stik	/miˈaʊstɪk/	ニャオニクス
#0679	Honedge	Steel, Ghost	HOHN-ej	/ˈhoʊnɛdʒ/	ヒトツキ
#0680	Doublade	Steel, Ghost	DUH-blade	/ˈdʌbleɪd/	ニダンギル
#0681	Aegislash	Steel, Ghost	EE-jih-slash	/ˈiːdʒɪslæʃ/	ギルガルド
#0682	Spritzee	Fairy	SPRIT-see	/ˈspɹɪtsiː/	シュシュプ
#0683	Aromatisse	Fairy	uh-ROHM-uh-TEES	/əɹoʊməˈtiːs/	フレフワン
#0684	Swirlix	Fairy	SWUR-liks	/ˈswɝːlɪks/	ペロッパフ
#0685	Slurpuff	Fairy	SLUR-puff	/ˈslɝːpʌf/	ペロリーム
#0686	Inkay	Dark, Psychic	INK-ay	/ˈɪŋkeɪ/	マーイーカ
#0687	Malamar	Dark, Psychic	MAL-uh-mar	/ˈmæləmɑːɹ/	カラマネロ
#0688	Binacle	Rock, Water	BYE-nuh-kull	/ˈbaɪnəkəl/	カメテテ
#0689	Barbaracle	Rock, Water	bar-BEHR-uh-kull	/bɑːɹˈbɛɹəkəl/	ガメノデス
#0690	Skrelp	Poison, Water	SKRELP	/ˈskɹɛlp/	クズモー
#0691	Dragalge	Poison, Dragon	druh-GAL-jee	/dɹəˈɡældʒiː/	ドラミドロ
#0692	Clauncher	Water	KLAHN-chur	/ˈklɑːntʃɚ/	ウデッポウ
#0693	Clawitzer	Water	KLAH-wit-sur	/ˈklɑːwɪtsɚ/	ブロスター
#0694	Helioptile	Electric, Normal	HEE-lee-AHP-tile	/hiːliːˈɑːptaɪl/	エリキテル
#0695	Heliolisk	Electric, Normal	HEE-lee-oh-lisk	/ˈhiːliːoʊlɪsk/	エレザード
#0696	Tyrunt	Rock, Dragon	TYE-runt	/ˈtaɪɹʌnt/	チゴラス
#0697	Tyrantrum	Rock, Dragon	tye-RAN-trum	/taɪˈɹæntɹʌm/	ガチゴラス
#0698	Amaura	Rock, Ice	uh-MOHR-uh	/əˈmɔːɹə/	アマルス
#0699	Aurorus	Rock, Ice	uh-ROHR-is	/əˈɹɔːɹəs/	アマルルガ
#0700	Sylveon	Fairy	SILL-vee-ahn	/ˈsɪlviːɑːn/	ニンフィア
#0701	Hawlucha	Fighting, Flying	haw-LOO-chuh	/hɑːˈluːtʃə/	ルチャブル
#0702	Dedenne	Electric, Fairy	deh-DEN-ay	/dəˈdɛneɪ/	デデンネ
#0703	Carbink	Rock, Fairy	KAR-bink	/ˈkɑːɹbɪŋk/	メレシー
#0704	Goomy	Dragon	GOO-mee	/ˈɡuːmiː/	ヌメラ
#0705	Sliggoo	Dragon	SLIH-goo	/ˈslɪɡuː/	ヌメイル
#0706	Goodra	Dragon	GOO-druh	/ˈɡuːdɹə/	ヌメルゴン
#0707	Klefki	Steel, Fairy	KLEF-kee	/ˈklɛfkiː/	クレッフィ
#0708	Phantump	Ghost, Grass	FAN-tump	/ˈfæntʌmp/	ボクレー
#0709	Trevenant	Ghost, Grass	TREV-uh-nint	/ˈtɹɛvənɪnt/	オーロット
#0710	Pumpkaboo	Ghost, Grass	PUMP-kuh-boo	/ˈpʌmpkəbuː/	バケッチャ
#0711	Gourgeist	Ghost, Grass	GOHR-geist	/ˈɡɔːɹɡaɪst/	パンプジン
#0712	Bergmite	Ice	BURG-mite	/ˈbɝːɡmaɪt/	カチコール
#0713	Avalugg	Ice	AV-uh-lug	/ˈævəlʌɡ/	クレベース
#0714	Noibat	Flying, Dragon	NOY-bat	/ˈnɔɪbæt/	オンバット
#0715	Noivern	Flying, Dragon	NOY-vurn	/ˈnɔɪvɚn/	オンバーン
#0716	Xerneas	Fairy	ZURR-nee-us	/ˈzɝːniːəs/	ゼルネアス
#0717	Yveltal	Dark, Flying	ee-VELL-tall	/iːˈvɛltɑːl/	イベルタル
#0718	Zygarde	Dragon, Ground	ZYE-gard	/ˈzaɪɡɑːɹd/	ジガルデ
#0719	Diancie	Rock, Fairy	dye-AHN-see	/daɪˈɑːnsiː/	ディアンシー
#0720	Hoopa	Psychic, Ghost	HOO-puh	/ˈhuːpə/	フーパ
#0721	Volcanion	Fire, Water	vahl-KAYN-ee-un	/vɑːlˈkaɪniːən/	ボルケニオン
#0722	Rowlet	Grass, Flying	ROW-let	/ˈɹaʊlət/	モクロー
#0723	Dartrix	Grass, Flying	DAR-triks	/ˈdɑːɹtrɪks/	フクスロー
#0724	Decidueye	Grass, Ghost	dih-SIJ-yoo-eye	/dɪˈsɪdʒjuːaɪ/	ジュナイパー
#0725	Litten	Fire	LIT-in	/ˈlɪɾən/	ニャビー
#0726	Torracat	Fire	TOHR-uh-kat	/ˈtɔːɹəkæt/	ニャヒート
#0727	Incineroar	Fire, Dark	in-SIN-uh-rohr	/ɪnˈsɪnəɹɔːɹ/	ガオガエン
#0728	Popplio	Water	PAHP-lee-oh	/ˈpɑːpliːoʊ/	アシマリ
#0729	Brionne	Water	bree-AHN	/bɹiːˈɑːn/	オシャマリ
#0730	Primarina	Water, Fairy	PREE-muh-REE-nuh	/ˌpɹiːməˈɹinə/	アシレーヌ
#0731	Pikipek	Normal, Flying	PIK-ee-pek	/ˈpɪkiːpɛk/	ツツケラ
#0732	Trumbeak	Normal, Flying	TRUM-beek	/ˈtɹʌmːbiːk/	ケララッパ
#0733	Toucannon	Normal, Flying	too-KAN-in	/tuːˈkænən/	ドデカバシ
#0734	Yungoos	Normal	YUNG-goos	/ˈjʌŋɡuːs/	ヤングース
#0735	Gumshoos	Normal	GUM-shooz	/ˈɡʌmʃuːz/	デカグース
#0736	Grubbin	Bug	GRUB-in	/ˈɡɹʌbɪn/	アゴジムシ
#0737	Charjabug	Bug, Electric	CHAR-juh-bug	/ˈtʃɑːɹdʒəbʌɡ/	デンヂムシ
#0738	Vikavolt	Bug, Electric	VYE-kuh-volt	/ˈvaɪːkəvɔːlt/	クワガノン
#0739	Crabrawler	Fighting	krab-RAH-lur	/kɹæbˈɹɑːlɚ/	マケンカニ
#0740	Crabominable	Fighting, Ice	krab-AHM-in-uh-bull	/kræbˈɑːmɪnəbəl/	ケケンカニ
#0741	Oricorio	Fire, Flying	ohr-ih-KOHR-ee-oh	/ˌɔːɹɪˈkɔːɹiːoʊ/	オドリドリ
#0742	Cutiefly	Bug, Fairy	KYOO-tee-fly	/ˈkjutiːflaɪ/	アブリー
#0743	Ribombee	Bug, Fairy	rih-BAHM-bee	/ɹəˈbɑːmbiː/	アブリボン
#0744	Rockruff	Rock	RAHK-ruff	/ˈɹɑːkɹʌf/	イワンコ
#0745	Lycanroc	Rock	LYE-kin-rahk	/ˈlaɪkənɹɑːk/	ルガルガン
#0746	Wishiwashi	Water	WISH-ee-wash-ee	/ˈwɪʃiːˌwɑːʃi/	ヨワシ
#0747	Mareanie	Poison, Water	muh-REE-nee	/məˈɹiːniː/	ヒドイデ
#0748	Toxapex	Poison, Water	TAHKS-uh-peks	/ˈtɑːksəpɛks/	ドヒドイデ
#0749	Mudbray	Ground	MUD-bray	/ˈmʌdbɹeɪ/	ドロバンコ
#0750	Mudsdale	Ground	MUDZ-dale	/ˈmʌdzdeɪl/	バンバドロ
#0751	Dewpider	Water, Bug	DOO-pih-durr	/ˈduːpədɚ/	シズクモ
#0752	Araquanid	Water, Bug	uh-RA-kwuh-nid	/əˈɹæːkwənɪd/	オニシズクモ
#0753	Fomantis	Grass	foh-MAN-tiss	/foʊˈmæntɪs/	カリキリ
#0754	Lurantis	Grass	lur-AN-tiss	/lɚˈæntɪs/	ラランテス
#0755	Morelull	Grass, Fairy	MOHR-uh-lull	/ˈmɔːɹəlʊl/	ネマシュ
#0756	Shiinotic	Grass, Fairy	shee-NAH-tik	/ʃiːˈnɑːtɪk/	マシェード
#0757	Salandit	Poison, Fire	suh-LAN-dit	/səˈlændɪt/	ヤトウモリ
#0758	Salazzle	Poison, Fire	suh-LAZ-ull	/səˈlæzəl/	エンニュート
#0759	Stufful	Normal, Fighting	STUH-full	/ˈstʌfəl/	ヌイコグマ
#0760	Bewear	Normal, Fighting	buh-WEHR	/bəˈwɛɹ/	キテルグマ
#0761	Bounsweet	Grass	BOWN-sweet	/ˈbaʊnswiːt/	アマカジ
#0762	Steenee	Grass	STEE-nee	/ˈstiːniː/	アママイコ
#0763	Tsareena	Grass	zah-REE-nuh	/zɑːˈɹiːnə/	アマージョ
#0764	Comfey	Fairy	KUM-fay	/ˈkʌmfeɪ/	キュワワー
#0765	Oranguru	Normal, Psychic	uh-RANG-guh-roo	/əˈɹæŋɡəɹuː/	ヤレユータン
#0766	Passimian	Fighting	pass-SIM-ee-un	/ˌpæˈsɪmiːən/	ナゲツケサル
#0767	Wimpod	Bug, Water	WIM-pahd	/ˈwɪmpɑːd/	コソクムシ
#0768	Golisopod	Bug, Water	guh-LYE-soh-pahd	/gəˈlaɪsoʊpɑːd/	グソクムシャ
#0769	Sandygast	Ghost, Ground	SAND-ee-gast	/ˈsændiːɡæst/	スナバァ
#0770	Palossand	Ghost, Ground	PAL-uh-sand	/ˈpæləsænd/	シロデスナ
#0771	Pyukumuku	Water	PYOO-koo-MOO-koo	/ˌpjuːkuːˈmuːkuː/	ナマコブシ
#0772	Type: Null	Normal	type-NULL	/ˌtaɪpˈnʊl/	タイプ：ヌル
#0773	Silvally	Normal	sill-VAL-eye	/sɪlˈvælaɪː/	シルヴァディ
#0774	Minior	Rock, Flying	MIN-ee-ohr	/ˈmɪniːɔːɹ/	メテノ
#0775	Komala	Normal	ko-MAH-luh	/koʊˈmɑːlə/	ネッコアラ
#0776	Turtonator	Fire, Dragon	TURR-tuh-nay-turr	/ˈtɝːɾəneɪɾɚ/	バクガメス
#0777	Togedemaru	Electric, Steel	TOH-geh-deh-MAR-oo	/ˌtoʊɡədɛˈmɑːɹuː/	トゲデマル
#0778	Mimikyu	Ghost, Fairy	MEE-mee-kyoo	/ˈmiːmiːkjuː/	ミミッキュ
#0779	Bruxish	Water, Psychic	BRUK-sish	/ˈbɹʌksɪʃ/	ハギギシリ
#0780	Drampa	Normal, Dragon	DRAM-puh	/ˈdɹæmpə/	ジジーロン
#0781	Dhelmise	Ghost, Grass	dell-MIZE	/dɛlˈmaɪz/	ダダリン
#0782	Jangmo-o	Dragon	JANG-moh-oh	/ˈdʒæŋmoʊˌʔoʊ/	ジャラコ
#0783	Hakamo-o	Dragon, Fighting	HAH-kuh-MOH-oh	/ˌhɑːkəˈmoʊʔoʊ/	ジャランゴ
#0784	Kommo-o	Dragon, Fighting	KOH-moh-oh	/ˈkoʊmoʊˌʔoʊ/	ジャラランガ
#0785	Tapu Koko	Electric, Fairy	TAH-poo-KOH-koh	/ˌtɑːpuːˈkoʊkoʊ/	カプ・コケコ
#0786	Tapu Lele	Psychic, Fairy	TAH-poo-LAY-lay	/ˌtɑːpuːˈleɪleɪ/	カプ・テテフ
#0787	Tapu Bulu	Grass, Fairy	TAH-poo-BOO-loo	/ˌtɑːpuːˈbuːluː/	カプ・ブルル
#0788	Tapu Fini	Water, Fairy	TAH-poo-FEE-nee	/ˌtɑːpuːˈfiːniː/	カプ・レヒレ
#0789	Cosmog	Psychic	KAHZ-mahg	/ˈkɑːzmɑːɡ/	コスモッグ
#0790	Cosmoem	Psychic	KAHZ-moh-em	/ˈkɑːzmoʊɛm/	コスモウム
#0791	Solgaleo	Psychic, Steel	SOHL-guh-LAY-oh	/ˌsoʊlɡəˈleɪoʊ/	ソルガレオ
#0792	Lunala	Psychic, Ghost	loo-NAH-luh	/luːˈnɑːlə/	ルナアーラ
#0793	Nihilego	Rock, Poison	NYE-uh-LEE-goh	/ˌnaɪəːˈliːɡoʊ/	ウツロイド
#0794	Buzzwole	Bug, Fighting	BUZZ-wohl	/ˈbʌzwɔːl/	マッシブーン
#0795	Pheromosa	Bug, Fighting	FAIR-uh-MOH-suh	/ˌfɛɹəˈmoʊsə/	フェローチェ
#0796	Xurkitree	Electric	ZURR-kih-tree	/ˈzɝkɪtriː/	デンジュモク
#0797	Celesteela	Steel, Flying	SELL-uh-STEEL-uh	/ˌsɛləˈstiːlə/	テッカグヤ
#0798	Kartana	Grass, Steel	kar-TAH-nuh	/kɑːɹˈtɑːnə/	カミツルギ
#0799	Guzzlord	Dark, Dragon	GUZZ-lord	/ˈɡʌzlɔːɹd/	アクジキング
#0800	Necrozma	Psychic	neh-KROHZ-muh	/nɛˈkɹoʊzmə/	ネクロズマ
#0801	Magearna	Steel, Fairy	muh-GEER-nuh	/məˈɡɪɹnə/	マギアナ
#0802	Marshadow	Fighting, Ghost	MAR-shad-oh	/ˈmɑːɹʃædoʊ/	マーシャドー
#0803	Poipole	Poison	POY-pohl	/ˈpɔːɪpɔl/	ベベノム
#0804	Naganadel	Poison, Dragon	NAH-guh-NAH-dull	/ˌnɑːgəˈnɑːdəl/	アーゴヨン
#0805	Stakataka	Rock, Steel	STAK-uh-TAK-uh	/ˌstækəˈtækə/	ツンデツンデ
#0806	Blacephalon	Fire, Ghost	bluh-SEF-uh-lahn	/bləˈsɛfəlɑːn/	ズガドーン
#0807	Zeraora	Electric	ZEHR-uh-OHR-uh	/ˌzɛɹəʔˈɔːɹə/	ゼラオラ
#0808	Meltan	Steel	MELL-tan	/ˈmɛltæn/	メルタン
#0809	Melmetal	Steel	MELL-met-ull	/ˈmɛlmɛɾəl/	メルメタル
#0810	Grookey	Grass	GROO-kee	/ˈɡɹuːkiː/	サルノリ
#0811	Thwackey	Grass	THWAK-ee	/ˈθwækiː/	バチンキー
#0812	Rillaboom	Grass	RILL-uh-boom	/ˈɹɪləbuːm/	ゴリランダー
#0813	Scorbunny	Fire	SKOR-bun-ee	/ˈskɔːɹbʌniː/	ヒバニー
#0814	Raboot	Fire	RAB-oot	/ˈɹæbuːt/	ラビフット
#0815	Cinderace	Fire	SIND-uh-race	/ˈsɪndɚeɪs/	エースバーン
#0816	Sobble	Water	SAHB-ull	/ˈsɑːbəl/	メッソン
#0817	Drizzile	Water	DRIZ-ile	/ˈdɹɪzaɪl/	ジメレオン
#0818	Inteleon	Water	in-TELL-ee-uhn	/ɪnˈtɛliːən/	インテレオン
#0819	Skwovet	Normal	SKWUH-vet	/ˈskwʌːvət/	ホシガリス
#0820	Greedent	Normal	GREE-dint	/ˈɡɹiːdənt/	ヨクバリス
#0821	Rookidee	Flying	RU-kih-dee	/ˈɹʊkədiː/	ココガラ
#0822	Corvisquire	Flying	KOR-vih-skwire	/ˈkɔːɹvəskwaɪɹ/	アオガラス
#0823	Corviknight	Flying, Steel	KOR-vih-nite	/ˈkɔːɹvənaɪt/	アーマーガア
#0824	Blipbug	Bug	BLIP-bug	/ˈblɪpbʌɡ/	サッチムシ
#0825	Dottler	Bug, Psychic	DOT-lurr	/ˈdɑːtlɚ/	レドームシ
#0826	Orbeetle	Bug, Psychic	OHR-bee-tull	/ˈɔɹbiːɾəl/	イオルブ
#0827	Nickit	Dark	NIK-it	/ˈnɪkət/	クスネ
#0828	Thievul	Dark	THEE-vull	/ˈθiːvəl/	フォクスライ
#0829	Gossifleur	Grass	GAHS-ih-flur	/ˈɡɑːsəflɚ/	ヒメンカ
#0830	Eldegoss	Grass	EL-de-gahs	/ˈɛldəɡɑːs/	ワタシラガ
#0831	Wooloo	Normal	WOO-loo	/ˈwuːluː/	ウールー
#0832	Dubwool	Normal	DUB-wull	/ˈdʌbwʊl/	バイウールー
#0833	Chewtle	Water	CHOO-tull	/ˈtʃuːɾəl/	カムカメ
#0834	Drednaw	Water, Rock	DRED-nah	/ˈdɹɛdnɑː/	カジリガメ
#0835	Yamper	Electric	YAM-purr	/ˈjæmpɚ/	ワンパチ
#0836	Boltund	Electric	BOHL-tund	/ˈbɔːltənd/	パルスワン
#0837	Rolycoly	Rock	ROHL-ee-KOHL-ee	/ˌɹɔːliːˈkɔːliː/	タンドン
#0838	Carkol	Rock, Fire	KAR-kohl	/ˈkɑɹkɔːl/	トロッゴン
#0839	Coalossal	Rock, Fire	kohl-AH-sull	/kɔːlˈɑːsəl/	セキタンザン
#0840	Applin	Grass, Dragon	APP-lin	/ˈæplɪn/	カジッチュ
#0841	Flapple	Grass, Dragon	FLAP-ull	/ˈflæpəl/	アップリュー
#0842	Appletun	Grass, Dragon	APP-ull-tun	/ˈæpəltən/	タルップル
#0843	Silicobra	Ground	SIL-ih-KOH-bruh	/sɪləˈkoʊbɹə/	スナヘビ
#0844	Sandaconda	Ground	SAND-uh-KAHN-duh	/sændəkɑːndə/	サダイジャ
#0845	Cramorant	Flying, Water	KRAM-er-int	/ˈkɹæmɚənt/	ウッウ
#0846	Arrokuda	Water	AIR-uh-KOO-duh	/ˌɛrəˈkuːdə/	サシカマス
#0847	Barraskewda	Water	BEHR-uh-SKYOO-duh	/ˌbɛrəˈskjuːdə/	カマスジョー
#0848	Toxel	Electric, Poison	TAHKS-ull	/tɑːksəl/	エレズン
#0849	Toxtricity	Electric, Poison	tahks-TRIS-ih-tee	/tɑksˈtɹɪsətiː/	ストリンダー
#0850	Sizzlipede	Fire, Bug	SIZZ-lih-peed	/ˈsɪzləpiːd/	ヤクデ
#0851	Centiskorch	Fire, Bug	SENT-ih-skorch	/ˈsɛntəskɔːɹtʃ/	マルヤクデ
#0852	Clobbopus	Fighting	KLOB-uh-puss	/ˈklɑːbəpʊs/	タタッコ
#0853	Grapploct	Fighting	GRAP-lokt	/ˈɡɹæplɑːkt/	オトスパス
#0854	Sinistea	Ghost	SIN-iss-tee	/ˈsɪnəstiː/	ヤバチャ
#0855	Polteageist	Ghost	POHL-tee-geist	/ˈpɔːltiːɡaɪst/	ポットデス
#0856	Hatenna	Psychic	huh-TEN-uh	/həˈtɛnə/	ミブリム
#0857	Hattrem	Psychic	HA-trem	/ˈhætɹɛm/	テブリム
#0858	Hatterene	Psychic, Fairy	HAT-ur-een	/ˈhætɚiːn/	ブリムオン
#0859	Impidimp	Dark, Fairy	IMP-ih-dimp	/ˈɪmpɪdɪmp/	ベロバー
#0860	Morgrem	Dark, Fairy	MOHR-grem	/ˈmɔːɹɡɹɛm/	ギモー
#0861	Grimmsnarl	Dark, Fairy	GRIM-snarl	/ˈɡɹɪmsnɑɹl/	オーロンゲ
#0862	Obstagoon	Dark, Normal	AHB-stuh-goon	/ˈɑːbstəɡuːn/	タチフサグマ
#0863	Perrserker	Steel	purr-SURR-kurr	/pɚˈsɝkɚ/	ニャイキング
#0864	Cursola	Ghost	CURR-suh-luh	/ˈkɝsələ/	サニゴーン
#0865	Sirfetch'd	Fighting	surr-FETCHT	/sɝˈfɛtʃt/	ネギガナイト
#0866	Mr. Rime	Ice, Psychic	MISS-tur-RIME	/ˌmɪstɚˈɹaɪm/	バリコオル
#0867	Runerigus	Ground, Ghost	roon-er-EE-gus	/ɹuːnɛˈɹiːɡəs/	デスバーン
#0868	Milcery	Fairy	MILL-surr-ee	/ˈmɪlsɚiː/	マホミル
#0869	Alcremie	Fairy	AL-cruh-mee	/ˈælkɹəmiː/	マホイップ
#0870	Falinks	Fighting	FAY-links	/ˈfeɪlɪŋks/	タイレーツ
#0871	Pincurchin	Electric	pin-KURR-chin	/pɪnˈkɚtʃən/	バチンウニ
#0872	Snom	Ice, Bug	SNAHM	/ˈsnɑːm/	ユキハミ
#0873	Frosmoth	Ice, Bug	FRAHS-moth	/ˈfɹɑːsmɑːθ/	モスノウ
#0874	Stonjourner	Rock	STOHN-jurr-nurr	/ˈstoʊndʒɚnɚ/	イシヘンジン
#0875	Eiscue	Ice	ICE-kyoo	/ˈaɪskju/	コオリッポ
#0876	Indeedee	Psychic, Normal	in-DEE-dee	/ɪnˈdiːdiː/	イエッサン
#0877	Morpeko	Electric, Dark	mohr-PECK-oh	/mɔːɹˈpɛkoʊ/	モルペコ
#0878	Cufant	Steel	KYOO-funt	/ˈkjuːfənt/	ゾウドウ
#0879	Copperajah	Steel	KAH-purr-AH-zhuh	/ˌkɑːpɚɑːʒə/	ダイオウドウ
#0880	Dracozolt	Electric, Dragon	DRAK-uh-zolt	/ˈdɹækəzɔːlt/	パッチラゴン
#0881	Arctozolt	Electric, Ice	ARK-tuh-zolt	/ˈɑɹktəzɔːlt/	パッチルドン
#0882	Dracovish	Water, Dragon	DRAK-uh-vish	/ˈdɹækəvɪʃ/	ウオノラゴン
#0883	Arctovish	Water, Ice	ARK-tuh-vish	/ˈɑɹktəvɪʃ/	ウオチルドン
#0884	Duraludon	Steel, Dragon	durr-AL-uh-dahn	/dɚˈælədɑn/	ジュラルドン
#0885	Dreepy	Dragon, Ghost	DREE-pee	/ˈdɹiːpiː/	ドラメシヤ
#0886	Drakloak	Dragon, Ghost	DRAK-lohk	/ˈdɹækloʊk/	ドロンチ
#0887	Dragapult	Dragon, Ghost	DRAG-uh-pult	/ˈdɹæɡəpʊlt/	ドラパルト
#0888	Zacian	Fairy	ZAH-shee-un	/ˈzɑːʃiːən/	ザシアン
#0889	Zamazenta	Fighting	ZAH-muh-ZEN-tuh	/ˌzɑːməˈzɛntə/	ザマゼンタ
#0890	Eternatus	Poison, Dragon	ee-TURN-uh-tiss	/ɪˈtɝnətəs/	ムゲンダイナ
#0891	Kubfu	Fighting	kub-FOO	/kʌbˈfuː/	ダクマ
#0892	Urshifu	Fighting, Dark	UR-shee-foo	/ˈɝʃiːfuː/	ウーラオス
#0893	Zarude	Dark, Grass	zah-ROOD	/zɑːˈɹuːd/	ザルード
#0894	Regieleki	Electric	REJ-ee-uh-LEK-ee	/ˌɹɛdʒiːəˈlɛkiː/	レジエレキ
#0895	Regidrago	Dragon	REJ-ee-DRAY-goh	/ˌɹɛdʒiːˈdɹɛɪɡoʊ/	レジドラゴ
#0896	Glastrier	Ice	GLASS-tree-urr	/ˈɡlæstɹiːɚ/	ブリザポス
#0897	Spectrier	Ghost	SPEK-tree-urr	/ˈspɛktɹiːɚ/	レイスポス
#0898	Calyrex	Psychic, Grass	KAL-uh-rex	/ˈkæləɹɛks/	バドレックス
#0899	Wyrdeer	Normal, Psychic	WEER-deer	/ˈwɪɹdɪɹ/	アヤシシ
#0900	Kleavor	Bug, Rock	KLEE-vohr	/ˈkliːvɔːɹ/	バサギリ
#0901	Ursaluna	Ground, Normal	UR-suh-LOO-nuh	/ˌɝsəˈluːnə/	ガチグマ
#0902	Basculegion	Water, Ghost	BASS-kyoo-LEE-jin	/ˌbæskjuːˈliːdʒən/	イダイトウ
#0903	Sneasler	Fighting, Poison	SNEEZ-lurr	/ˈsniːzlɚ/	オオニューラ
#0904	Overqwil	Dark, Poison	OH-vur-kwil	/ˈoʊvɚkwɪl/	ハリーマン
#0905	Enamorus	Fairy, Flying	ee-NAM-ur-iss	/ɪˈnæmɚɪs/	ラブトロス
#0906	Sprigatito	Grass	sprig-uh-TEE-toh	/ˌspɹɪɡəˈtiːtoʊ/	ニャオハ
#0907	Floragato	Grass	flor-uh-GAH-toh	/ˌflɔɹəˈɡɑːtoʊ/	ニャローテ
#0908	Meowscarada	Grass, Dark	mee-ow-scuh-RAH-duh	/miˈaʊskəˈɹɑːdə/	マスカーニャ
#0909	Fuecoco	Fire	fway-KOH-koh	/fweɪˈkoʊkoʊ/	ホゲータ
#0910	Crocalor	Fire	KROK-uh-lohr	/ˈkɹɑːkəlɔɹ/	アチゲータ
#0911	Skeledirge	Fire, Ghost	SKEL-ih-durj	/ˈskɛlədɚdʒ/	ラウドボーン
#0912	Quaxly	Water	KWAKS-lee	/ˈkwæksliː/	クワッス
#0913	Quaxwell	Water	KWAKS-well	/ˈkwækswɛl/	ウェルカモ
#0914	Quaquaval	Water, Fighting	KWAH-kwuh-vahl	/ˈkwɑːkwəvɑːl/	ウェーニバル
#0915	Lechonk	Normal	luh-CHONK	/ləˈtʃɑːnk/	グルトン
#0916	Oinkologne	Normal	OING-kuh-lohn	/ˈɔɪŋkəloʊn/	パフュートン
#0917	Tarountula	Bug	tuh-ROWN-chuh-luh	/təˈɹaʊntʃələ/	タマンチュラ
#0918	Spidops	Bug	SPIE-dahps	/ˈspaɪdɑps/	ワナイダー
#0919	Nymble	Bug	NIM-buhl	/ˈnɪmbəl/	マメバッタ
#0920	Lokix	Bug, Dark	LOH-kicks	/ˈloʊkɪks/	エクスレッグ
#0921	Pawmi	Electric	PAW-mee	/ˈpɑːmiː/	パモ
#0922	Pawmo	Electric, Fighting	PAW-moh	/ˈpɑːmoʊ/	パモット
#0923	Pawmot	Electric, Fighting	PAW-maht	/ˈpɑːmɑːt/	パーモット
#0924	Tandemaus	Normal	TAN-duh-mowse	/ˈtændəmaʊs/	ワッカネズミ
#0925	Maushold	Normal	MOWSE-hold	/ˈmaʊshɔld/	イッカネズミ
#0926	Fidough	Fairy	FYE-doh	/ˈfaɪdoʊ/	パピモッチ
#0927	Dachsbun	Fairy	DAHKS-bun	/ˈdɑːksbʌn/	バウッツェル
#0928	Smoliv	Grass, Normal	SMOHL-iv	/ˈsmoʊlɪv/	ミニーブ
#0929	Dolliv	Grass, Normal	DAHL-iv	/ˈdɑːlɪv/	オリーニョ
#0930	Arboliva	Grass, Normal	ahr-BALL-iv-uh	/ɑɹˈbɑːləvə/	オリーヴァ
#0931	Squawkabilly	Normal, Flying	SKWAHK-uh-bill-ee	/ˈskwɑːkəbɪliː/	イキリンコ
#0932	Nacli	Rock	NAK-lee	/ˈnækliː/	コジオ
#0933	Naclstack	Rock	NAK-ull-stak	/ˈnækəlstæk/	ジオヅム
#0934	Garganacl	Rock	gahr-GAN-uh-kull	/ɡɑːɹˈɡænəkəl/	キョジオーン
#0935	Charcadet	Fire	CHAR-kuh-det	/tʃɑːɹkədɛt/	カルボウ
#0936	Armarouge	Fire, Psychic	AR-muh-roozh	/ˈɑːɹmɚuːʒ/	グレンアルマ
#0937	Ceruledge	Fire, Ghost	suh-ROO-lej	/səˈɹuːlɛdʒ/	ソウブレイズ
#0938	Tadbulb	Electric	TAD-bulb	/ˈtædbʊlb/	ズピカ
#0939	Bellibolt	Electric	BELL-ee-bolt	/ˈbɛliːbɔlt/	ハラバリー
#0940	Wattrel	Electric, Flying	WAH-trull	/ˈwɑːtɹəl/	カイデン
#0941	Kilowattrel	Electric, Flying	keel-oh-WAH-trull	/ˌkiːloʊˈwɑtɹəl/	タイカイデン
#0942	Maschiff	Dark	MASS-chif	ˈmæstʃɪf	オラチフ
#0943	Mabosstiff	Dark	muh-BOSS-tiff	/məˈbɑːstɪf/	マフィティフ
#0944	Shroodle	Poison, Normal	SHROO-dull	/ˈʃɹuːdəl/	シルシュルー
#0945	Grafaiai	Poison, Normal	gruh-FYE-eye	/ɡɹəˈfaɪaɪ/	タギングル
#0946	Bramblin	Grass, Ghost	BRAM-blin	/ˈbɹæmblɪn/	アノクサ
#0947	Brambleghast	Grass, Ghost	BRAM-bull-gast	/ˈbɹæmbəlɡæst/	アノホラグサ
#0948	Toedscool	Ground, Grass	TOHDZ-kool	/ˈtoʊdzkuːl/	ノノクラゲ
#0949	Toedscruel	Ground, Grass	TOHDZ-krool	/ˈtoʊdzkɹuːl/	リククラゲ
#0950	Klawf	Rock	KLAHF	/ˈklɑːf/	ガケガニ
#0951	Capsakid	Grass	kap-SAY-kid	/kæpˈsɛɪkɪd/	カプサイジ
#0952	Scovillain	Grass, Fire	SKOH-vill-in	/ˈskoʊvɪlən/	スコヴィラン
#0953	Rellor	Bug	RELL-ohr	/ˈɹɛlɔɹ/	シガロコ
#0954	Rabsca	Bug, Psychic	RAB-skuh	/ˈɹæbskə/	ベラカス
#0955	Flittle	Psychic	FLIT-ull	/ˈflɪɾəl/	ヒラヒナ
#0956	Espathra	Psychic	es-PATH-ruh	/ɛsˈpæθɹə/	クエスパトラ
#0957	Tinkatink	Fairy, Steel	TINK-uh-tink	/ˈtiːŋkətiːŋk/	カヌチャン
#0958	Tinkatuff	Fairy, Steel	TINK-uh-tuff	/ˈtiːŋkətʌf/	ナカヌチャン
#0959	Tinkaton	Fairy, Steel	TINK-uh-tun	/ˈtiːŋkətʌn/	デカヌチャン
#0960	Wiglett	Water	WIG-lit	/ˈwɪɡlət/	ウミディグダ
#0961	Wugtrio	Water	wug-TREE-oh	/wʌɡˈtɹiːoʊ/	ウミトリオ
#0962	Bombirdier	Flying, Dark	bahm-BURR-dee-ur	/ˌbɑːmˈbɝdiːɚ/	オトシドリ
#0963	Finizen	Water	FIN-ih-zen	/ˈfɪnɪzən/	ナミイルカ
#0964	Palafin	Water	PAL-uh-fin	/ˈpæləfɪn/	イルカマン
#0965	Varoom	Steel, Poison	vuh-ROOM	/vəˈɹuːm/	ブロロン
#0966	Revavroom	Steel, Poison	REV-uh-vroom	/ˈɹɛvəvɹuːm/	ブロロローム
#0967	Cyclizar	Dragon, Normal	SYE-klih-zahr	/ˈsaɪkləzɑːɹ/	モトトカゲ
#0968	Orthworm	Steel	ORTH-wurm	/ˈɔɹθwɚm/	ミミズズ
#0969	Glimmet	Rock, Poison	GLIM-it	/ˈɡlɪmət/	キラーメ
#0970	Glimmora	Rock, Poison	glih-MOHR-uh	/ɡləˈmɔɹə/	キラフロル
#0971	Greavard	Ghost	GREE-vard	/ˈɡɹiːvɑːɹd/	ボチ
#0972	Houndstone	Ghost	HOUND-stone	/ˈhaʊndstoʊn/	ハカドッグ
#0973	Flamigo	Flying, Fighting	fluh-MEE-goh	/fləˈmiːɡoʊ/	カラミンゴ
#0974	Cetoddle	Ice	suh-TOD-ull	/səˈtɑːdəl/	アルクジラ
#0975	Cetitan	Ice	suh-TYE-tun	/səˈtaɪtən/	ハルクジラ
#0976	Veluza	Water, Psychic	vuh-LOO-zuh	/vəˈluːzə/	ミガルーサ
#0977	Dondozo	Water	dohn-DOH-zoh	/doʊnˈdoʊnzoʊ/	ヘイラッシャ
#0978	Tatsugiri	Dragon, Water	taht-soo-GEER-ee	/ˌtɑːtsuːɡɪɹiː/	シャリタツ
#0979	Annihilape	Fighting, Ghost	uh-NYE-uh-lape	/əˈnaɪəleɪp/	コノヨザル
#0980	Clodsire	Poison, Ground	KLOD-sire	/ˈklɑːdsaɪɚ/	ドオー
#0981	Farigiraf	Normal, Psychic	fuh-RIG-uh-raf	/fəˈɹɪɡəɹæf/	リキキリン
#0982	Dudunsparce	Normal	duh-DUN-sparce	/dəˈdʌnspɑːɹs/	ノココッチ
#0983	Kingambit	Dark, Steel	king-GAM-bit	/kiːŋˈɡæmbɪt/	ドドゲザン
#0984	Great Tusk	Ground, Fighting	grate-TUSK	/ˌɡɹɛɪt ˈtʌsk/	イダイナキバ
#0985	Scream Tail	Fairy, Psychic	SKREEM-tail	/ˈskɹiːm ˌteɪl/	サケブシッポ
#0986	Brute Bonnet	Grass, Dark	broot-BAHN-it	/ˌbɹuːt ˈbɑːnət/	アラブルタケ
#0987	Flutter Mane	Ghost, Fairy	FLUH-turr-main	/ˈflʌɾɚ ˌmeɪn/	ハバタクカミ
#0988	Slither Wing	Bug, Fighting	SLIH-thur-wing	/ˈslɪðɚ ˌwiŋ/	チヲハウハネ
#0989	Sandy Shocks	Electric, Ground	san-dee-SHAHKS	/ˈsændiː ˈʃɑːks/	スナノケガワ
#0990	Iron Treads	Ground, Steel	eye-urn-TREDZ	/ˌaɪɹn ˈtɹɛdz/	テツノワダチ
#0991	Iron Bundle	Ice, Water	eye-urn-BUN-dull	/ˌaɪɹn ˈbʌndəl/	テツノツツミ
#0992	Iron Hands	Fighting, Electric	eye-urn-HANDZ	/ˌaɪɹn ˈhændz/	テツノカイナ
#0993	Iron Jugulis	Dark, Flying	eye-urn-JUG-yoo-lis	/ˌaɪɹn ˈdʒʌɡjuːləs/	テツノコウベ
#0994	Iron Moth	Fire, Poison	eye-urn-MOTH	/ˌaɪɹn ˈmɑːθ/	テツノドクガ
#0995	Iron Thorns	Rock, Electric	eye-urn-THORNZ	/ˌaɪɹn ˈθɔɹnz/	テツノイバラ
#0996	Frigibax	Dragon, Ice	FRIJ-ih-baks	/ˈfɹɪdʒɪbæks/	セビエ
#0997	Arctibax	Dragon, Ice	ARK-tih-baks	/ˈɑɹktɪbæks/	セゴール
#0998	Baxcalibur	Dragon, Ice	baks-KAL-ih-bur	/bæksˈkælɪbɚ/	セグレイブ
#0999	Gimmighoul	Ghost	GIM-ee-gool	/ˈɡɪmiːɡuːl/	コレクレー
#1000	Gholdengo	Steel, Ghost	GOHL-dun-goh	/ˈɡɔldənɡoʊ/	サーフゴー
#1001	Wo-Chien	Dark, Grass	wo-CHEE-en	/woʊˈtʃiːən/	チオンジェン
#1002	Chien-Pao	Dark, Ice	chee-en-POW	/tʃiːənˈpaʊ/	パオジアン
#1003	Ting-Lu	Dark, Ground	ting-LOO	/tiŋˈluː/	ディンルー
#1004	Chi-Yu	Dark, Fire	chee-YOO	/tʃiːˈjuː/	イーユイ
#1005	Roaring Moon	Dragon, Dark	rohr-ing-MOON	/ˌɹɔɹiŋ ˈmuːn/	トドロクツキ
#1006	Iron Valiant	Fairy, Fighting	eye-urn-VAL-yunt	/ˌaɪɹn ˈvæljənt/	テツノブジン
#1007	Koraidon	Fighting, Dragon	kohr-EYE-dahn	/kɔːɹˈaɪdɑːn/	コライドン
#1008	Miraidon	Electric, Dragon	meer-EYE-dahn	/mɪɹˈaɪdɑːn/	ミライドン
#1009	Walking Wake	Water, Dragon	wah-king-WAKE	/ˌwɑːkiːŋ ˈweɪk/	ウネルミナモ
#1010	Iron Leaves	Grass, Psychic	eye-urn-LEEVZ	/ˌaɪɹn ˈliːvz/	テツノイサハ
#	Okidogi	???	oh-kee-DOH-gee	/ˌoʊkiːˈdoʊɡiː/	イイネイヌ
#	Munkidori	???	munk-ee-DOHR-ee	/ˌmʌŋkiːˈdɔːɹiː/	マシマシラ
#	Fezandipiti	???	fez-un-DIP-ih-tee	/ˌfɛzənˈdɪpəɾiː/	キチキギス
#	Ogerpon	???	OH-gurr-pahn	/ˈoʊɡɚpɑːn/	オーガポン
#	Terapagos	???	turr-AHP-uh-gohs	/tɚˈɑːpəɡoʊs/	テラパゴス
